i,time,y0,y1,y2,y3,y4,du1,du2,du3,du4,U1,du
0,3008903,0.00678684,0.00688166,0.00693922,0.00687156,0.00681136,0.00000000,0.00000000,0.00000000,0.00000000,0.00000000,0.03674627
1,3018903,0.00676156,0.00678684,0.00688166,0.00693922,0.00687156,0.03674627,0.00000000,0.00000000,0.00000000,0.03674627,0.04293890
2,3028912,0.00663864,0.00676156,0.00678684,0.00688166,0.00693922,0.04293890,0.03674627,0.00000000,0.00000000,0.07968517,0.03367180
3,3038911,0.00657092,0.00663864,0.00676156,0.00678684,0.00688166,0.03367180,0.04293890,0.03674627,0.00000000,0.11335697,0.04499924
4,3048912,0.00694192,0.00657092,0.00663864,0.00676156,0.00678684,0.04499924,0.03367180,0.04293890,0.03674627,0.15835621,0.07205631
5,3058906,0.00717921,0.00694192,0.00657092,0.00663864,0.00676156,0.07205631,0.04499924,0.03367180,0.04293890,0.23041252,0.04348190
6,3068904,0.00744180,0.00717921,0.00694192,0.00657092,0.00663864,0.04348190,0.07205631,0.04499924,0.03367180,0.27389442,0.05535806
7,3078906,0.00708454,0.00744180,0.00717921,0.00694192,0.00657092,0.05535806,0.04348190,0.07205631,0.04499924,0.32925249,0.01167985
8,3088904,0.00625829,0.00708454,0.00744180,0.00717921,0.00694192,0.01167985,0.05535806,0.04348190,0.07205631,0.34093234,0.00040156
9,3098903,0.00697171,0.00625829,0.00708454,0.00744180,0.00717921,0.00040156,0.01167985,0.05535806,0.04348190,0.34133390,0.13008582
10,3108903,0.00435750,0.00697171,0.00625829,0.00708454,0.00744180,0.13008582,0.00040156,0.01167985,0.05535806,0.47141971,-0.18320506
11,3118903,0.00217938,0.00435750,0.00697171,0.00625829,0.00708454,-0.18320506,0.13008582,0.00040156,0.01167985,0.28821466,-0.00777171
12,3128903,0.00016884,0.00217938,0.00435750,0.00697171,0.00625829,-0.00777171,-0.18320506,0.13008582,0.00040156,0.28044294,-0.02656557
13,3138903,-0.00168478,0.00016884,0.00217938,0.00435750,0.00697171,-0.02656557,-0.00777171,-0.18320506,0.13008582,0.25387738,-0.06507074
14,3148903,-0.00292090,-0.00168478,0.00016884,0.00217938,0.00435750,-0.06507074,-0.02656557,-0.00777171,-0.18320506,0.18880664,-0.00545902
15,3158904,-0.00380915,-0.00292090,-0.00168478,0.00016884,0.00217938,-0.00545902,-0.06507074,-0.02656557,-0.00777171,0.18334762,-0.02894902
16,3168903,-0.00429939,-0.00380915,-0.00292090,-0.00168478,0.00016884,-0.02894902,-0.00545902,-0.06507074,-0.02656557,0.15439860,-0.02190859
17,3178903,-0.00485273,-0.00429939,-0.00380915,-0.00292090,-0.00168478,-0.02190859,-0.02894902,-0.00545902,-0.06507074,0.13249001,-0.04090808
18,3188903,-0.00515751,-0.00485273,-0.00429939,-0.00380915,-0.00292090,-0.04090808,-0.02190859,-0.02894902,-0.00545902,0.09158193,-0.02851115
19,3198903,-0.00500808,-0.00515751,-0.00485273,-0.00429939,-0.00380915,-0.02851115,-0.04090808,-0.02190859,-0.02894902,0.06307078,-0.00749580
20,3208903,-0.00639179,-0.00500808,-0.00515751,-0.00485273,-0.00429939,-0.00749580,-0.02851115,-0.04090808,-0.02190859,0.05557498,-0.14051410
21,3218903,-0.00792596,-0.00639179,-0.00500808,-0.00515751,-0.00485273,-0.14051410,-0.00749580,-0.02851115,-0.04090808,-0.08493912,-0.08596753
22,3228903,-0.00984590,-0.00792596,-0.00639179,-0.00500808,-0.00515751,-0.08596753,-0.14051410,-0.00749580,-0.02851115,-0.17090665,-0.11930561
23,3238903,-0.01092459,-0.00984590,-0.00792596,-0.00639179,-0.00500808,-0.11930561,-0.08596753,-0.14051410,-0.00749580,-0.29021226,-0.06344587
24,3248903,-0.01138928,-0.01092459,-0.00984590,-0.00792596,-0.00639179,-0.06344587,-0.11930561,-0.08596753,-0.14051410,-0.35365813,-0.05277596
25,3258904,-0.01145440,-0.01138928,-0.01092459,-0.00984590,-0.00792596,-0.05277596,-0.06344587,-0.11930561,-0.08596753,-0.40643409,-0.05917098
26,3268903,-0.01496511,-0.01145440,-0.01138928,-0.01092459,-0.00984590,-0.05917098,-0.05277596,-0.06344587,-0.11930561,-0.46560507,-0.32061762
27,3278903,-0.01358895,-0.01496511,-0.01145440,-0.01138928,-0.01092459,-0.32061762,-0.05917098,-0.05277596,-0.06344587,-0.78622269,0.16973301
28,3288903,-0.00985100,-0.01358895,-0.01496511,-0.01145440,-0.01138928,0.16973301,-0.32061762,-0.05917098,-0.05277596,-0.61648968,0.11380859
29,3298903,-0.00668981,-0.00985100,-0.01358895,-0.01496511,-0.01145440,0.11380859,0.16973301,-0.32061762,-0.05917098,-0.50268109,-0.02218069
30,3308903,-0.00428963,-0.00668981,-0.00985100,-0.01358895,-0.01496511,-0.02218069,0.11380859,0.16973301,-0.32061762,-0.52486178,0.02584157
31,3318903,-0.00189039,-0.00428963,-0.00668981,-0.00985100,-0.01358895,0.02584157,-0.02218069,0.11380859,0.16973301,-0.49902021,0.03796943
32,3328903,0.00067525,-0.00189039,-0.00428963,-0.00668981,-0.00985100,0.03796943,0.02584157,-0.02218069,0.11380859,-0.46105078,0.05663968
33,3338903,0.00315313,0.00067525,-0.00189039,-0.00428963,-0.00668981,0.05663968,0.03796943,0.02584157,-0.02218069,-0.40441109,0.07031469
34,3348903,0.00517454,0.00315313,0.00067525,-0.00189039,-0.00428963,0.07031469,0.05663968,0.03796943,0.02584157,-0.33409641,0.05499896
35,3358905,0.00663966,0.00517454,0.00315313,0.00067525,-0.00189039,0.05499896,0.07031469,0.05663968,0.03796943,-0.27909745,0.04919684
36,3368903,0.00776032,0.00663966,0.00517454,0.00315313,0.00067525,0.04919684,0.05499896,0.07031469,0.05663968,-0.22990061,0.05827795
37,3378903,0.00885762,0.00776032,0.00663966,0.00517454,0.00315313,0.05827795,0.04919684,0.05499896,0.07031469,-0.17162266,0.07676641
38,3388903,0.00994328,0.00885762,0.00776032,0.00663966,0.00517454,0.07676641,0.05827795,0.04919684,0.05499896,-0.09485625,0.08413732
39,3398903,0.01115047,0.00994328,0.00885762,0.00776032,0.00663966,0.09485625,0.07676641,0.05827795,0.04919684,0.00000000,0.10170012
40,3408903,0.01250341,0.01115047,0.00994328,0.00885762,0.00776032,0.10170012,0.09485625,0.07676641,0.05827795,0.10170012,0.11559710
41,3418903,0.01370463,0.01250341,0.01115047,0.00994328,0.00885762,0.11559710,0.10170012,0.09485625,0.07676641,0.21729721,0.10674245
42,3428903,0.01488573,0.01370463,0.01250341,0.01115047,0.00994328,0.10674245,0.11559710,0.10170012,0.09485625,0.32403966,0.11949459
43,3438903,0.01677317,0.01488573,0.01370463,0.01250341,0.01115047,0.11949459,0.10674245,0.11559710,0.10170012,0.44353426,0.17927899
44,3448903,0.02096618,0.01677317,0.01488573,0.01370463,0.01250341,0.17927899,0.11949459,0.10674245,0.11559710,0.62281325,0.32397796
45,3458904,0.02446025,0.02096618,0.01677317,0.01488573,0.01370463,0.32397796,0.17927899,0.11949459,0.10674245,0.94679121,0.19540854
46,3468903,0.02207166,0.02446025,0.02096618,0.01677317,0.01488573,0.19540854,0.32397796,0.17927899,0.11949459,1.14219975,-0.16876057
47,3478903,0.01979485,0.02207166,0.02446025,0.02096618,0.01677317,-0.16876057,0.19540854,0.32397796,0.17927899,0.97343918,0.10235470
48,3488903,0.01775345,0.01979485,0.02207166,0.02446025,0.02096618,0.10235470,-0.16876057,0.19540854,0.32397796,1.07579388,0.06873285
49,3498903,0.01644327,0.01775345,0.01979485,0.02207166,0.02446025,0.06873285,0.10235470,-0.16876057,0.19540854,1.14452673,0.08159807
50,3508903,0.01692170,0.01644327,0.01775345,0.01979485,0.02207166,0.08159807,0.06873285,0.10235470,-0.16876057,1.22612480,0.21400282
51,3518903,0.01814047,0.01692170,0.01644327,0.01775345,0.01979485,0.21400282,0.08159807,0.06873285,0.10235470,1.44012762,0.17004688
52,3528903,0.01803057,0.01814047,0.01692170,0.01644327,0.01775345,0.17004688,0.21400282,0.08159807,0.06873285,1.61017450,0.05417583
53,3538903,0.01756103,0.01803057,0.01814047,0.01692170,0.01644327,0.05417583,0.17004688,0.21400282,0.08159807,1.66435033,0.09874251
54,3548903,0.01699381,0.01756103,0.01803057,0.01814047,0.01692170,0.09874251,0.05417583,0.17004688,0.21400282,1.76309284,0.09016392
55,3558905,0.01657783,0.01699381,0.01756103,0.01803057,0.01814047,0.09016392,0.09874251,0.05417583,0.17004688,1.85325677,0.09561557
56,3568903,0.01557258,0.01657783,0.01699381,0.01756103,0.01803057,0.09561557,0.09016392,0.09874251,0.05417583,1.94887234,0.05373585
57,3578903,0.01558992,0.01557258,0.01657783,0.01699381,0.01756103,0.05373585,0.09561557,0.09016392,0.09874251,2.00260819,0.14602754
58,3588903,0.01553554,0.01558992,0.01557258,0.01657783,0.01699381,0.14602754,0.05373585,0.09561557,0.09016392,2.14863573,0.09330977
59,3598903,0.01456150,0.01553554,0.01558992,0.01557258,0.01657783,0.09330977,0.14602754,0.05373585,0.09561557,2.24194550,0.02849333
60,3608903,0.01330911,0.01456150,0.01553554,0.01558992,0.01557258,0.02849333,0.09330977,0.14602754,0.05373585,2.27043882,0.05403567
61,3618903,0.01180935,0.01330911,0.01456150,0.01553554,0.01558992,0.05403567,0.02849333,0.09330977,0.14602754,2.32447449,0.02932398
62,3628903,0.01114167,0.01180935,0.01330911,0.01456150,0.01553554,0.02932398,0.05403567,0.02849333,0.09330977,2.35379846,0.09006619
63,3638903,0.01058421,0.01114167,0.01180935,0.01330911,0.01456150,0.09006619,0.02932398,0.05403567,0.02849333,2.44386465,0.06084817
64,3648903,0.00972719,0.01058421,0.01114167,0.01180935,0.01330911,0.06084817,0.09006619,0.02932398,0.05403567,2.50471282,0.02902436
65,3658905,0.00875930,0.00972719,0.01058421,0.01114167,0.01180935,0.02902436,0.06084817,0.09006619,0.02932398,2.53373718,0.03570609
66,3668903,0.00766835,0.00875930,0.00972719,0.01058421,0.01114167,0.03570609,0.02902436,0.06084817,0.09006619,2.56944327,0.01899912
67,3678903,0.00614883,0.00766835,0.00875930,0.00972719,0.01058421,0.01899912,0.03570609,0.02902436,0.06084817,2.58844239,-0.01394046
68,3688903,0.00449313,0.00614883,0.00766835,0.00875930,0.00972719,-0.01394046,0.01899912,0.03570609,0.02902436,2.57450193,-0.01121427
69,3698903,0.00371836,0.00449313,0.00614883,0.00766835,0.00875930,-0.01121427,-0.01394046,0.01899912,0.03570609,2.56328765,0.04614019
70,3708903,0.00288173,0.00371836,0.00449313,0.00614883,0.00766835,0.04614019,-0.01121427,-0.01394046,0.01899912,2.60942784,-0.00560753
71,3718903,0.00168302,0.00288173,0.00371836,0.00449313,0.00614883,-0.00560753,0.04614019,-0.01121427,-0.01394046,2.60382031,-0.02998597
72,3728903,0.00019523,0.00168302,0.00288173,0.00371836,0.00449313,-0.02998597,-0.00560753,0.04614019,-0.01121427,2.57383435,-0.03797438
73,3738903,-0.00075718,0.00019523,0.00168302,0.00288173,0.00371836,-0.03797438,-0.02998597,-0.00560753,0.04614019,2.53585997,-0.00340473
74,3748903,-0.00085699,-0.00075718,0.00019523,0.00168302,0.00288173,-0.00340473,-0.03797438,-0.02998597,-0.00560753,2.53245523,0.02849145
75,3758905,-0.00164948,-0.00085699,-0.00075718,0.00019523,0.00168302,0.02849145,-0.00340473,-0.03797438,-0.02998597,2.56094669,-0.05992147
76,3768904,-0.00285985,-0.00164948,-0.00085699,-0.00075718,0.00019523,-0.05992147,0.02849145,-0.00340473,-0.03797438,2.50102522,-0.05829017
77,3778904,-0.00411132,-0.00285985,-0.00164948,-0.00085699,-0.00075718,-0.05829017,-0.05992147,0.02849145,-0.00340473,2.44273505,-0.05112188
78,3788903,-0.00452305,-0.00411132,-0.00285985,-0.00164948,-0.00085699,-0.05112188,-0.05829017,-0.05992147,0.02849145,2.39161317,-0.00557999
79,3798903,-0.00545912,-0.00452305,-0.00411132,-0.00285985,-0.00164948,-0.00557999,-0.05112188,-0.05829017,-0.05992147,2.38603318,-0.07946577
80,3808903,-0.00599459,-0.00545912,-0.00452305,-0.00411132,-0.00285985,-0.07946577,-0.00557999,-0.05112188,-0.05829017,2.30656741,-0.02968573
81,3818903,-0.00548409,-0.00599459,-0.00545912,-0.00452305,-0.00411132,-0.02968573,-0.07946577,-0.00557999,-0.05112188,2.27688169,0.02584234
82,3828903,-0.00638072,-0.00548409,-0.00599459,-0.00545912,-0.00452305,0.02584234,-0.02968573,-0.07946577,-0.00557999,2.30272403,-0.12916807
83,3838903,-0.00774858,-0.00638072,-0.00548409,-0.00599459,-0.00545912,-0.12916807,0.02584234,-0.02968573,-0.07946577,2.17355596,-0.09315735
84,3848904,-0.00798537,-0.00774858,-0.00638072,-0.00548409,-0.00599459,-0.09315735,-0.12916807,0.02584234,-0.02968573,2.08039861,-0.00032303
85,3858904,-0.00897602,-0.00798537,-0.00774858,-0.00638072,-0.00548409,-0.00032303,-0.09315735,-0.12916807,0.02584234,2.08007558,-0.12477132
86,3868903,-0.00971214,-0.00897602,-0.00798537,-0.00774858,-0.00638072,-0.12477132,-0.00032303,-0.09315735,-0.12916807,1.95530426,-0.06229180
87,3878904,-0.01046334,-0.00971214,-0.00897602,-0.00798537,-0.00774858,-0.06229180,-0.12477132,-0.00032303,-0.09315735,1.89301246,-0.07715465
88,3888904,-0.01063299,-0.01046334,-0.00971214,-0.00897602,-0.00798537,-0.07715465,-0.06229180,-0.12477132,-0.00032303,1.81585781,-0.05329455
89,3898904,-0.01077603,-0.01063299,-0.01046334,-0.00971214,-0.00897602,-0.05329455,-0.07715465,-0.06229180,-0.12477132,1.76256327,-0.06697742
90,3908904,-0.01010083,-0.01077603,-0.01063299,-0.01046334,-0.00971214,-0.06697742,-0.05329455,-0.07715465,-0.06229180,1.69558584,-0.01377832
91,3918904,-0.00915089,-0.01010083,-0.01077603,-0.01063299,-0.01046334,-0.01377832,-0.06697742,-0.05329455,-0.07715465,1.68180752,-0.02503187
92,3928904,-0.00837615,-0.00915089,-0.01010083,-0.01077603,-0.01063299,-0.02503187,-0.01377832,-0.06697742,-0.05329455,1.65677565,-0.04560259
93,3938904,-0.00818503,-0.00837615,-0.00915089,-0.01010083,-0.01077603,-0.04560259,-0.02503187,-0.01377832,-0.06697742,1.61117306,-0.06996712
94,3948904,-0.00875301,-0.00818503,-0.00837615,-0.00915089,-0.01010083,-0.06996712,-0.04560259,-0.02503187,-0.01377832,1.54120594,-0.10165878
95,3958905,-0.00890780,-0.00875301,-0.00818503,-0.00837615,-0.00915089,-0.10165878,-0.06996712,-0.04560259,-0.02503187,1.43954717,-0.04207354
96,3968903,-0.00840967,-0.00890780,-0.00875301,-0.00818503,-0.00837615,-0.04207354,-0.10165878,-0.06996712,-0.04560259,1.39747363,-0.01683023
97,3978903,-0.00800019,-0.00840967,-0.00890780,-0.00875301,-0.00818503,-0.01683023,-0.04207354,-0.10165878,-0.06996712,1.38064340,-0.05000709
98,3988903,-0.00793636,-0.00800019,-0.00840967,-0.00890780,-0.00875301,-0.05000709,-0.01683023,-0.04207354,-0.10165878,1.33063631,-0.06048191
99,3998903,-0.00757734,-0.00793636,-0.00800019,-0.00840967,-0.00890780,-0.06048191,-0.05000709,-0.01683023,-0.04207354,1.27015440,-0.02487021
100,4008903,-0.00644864,-0.00757734,-0.00793636,-0.00800019,-0.00840967,-0.02487021,-0.06048191,-0.05000709,-0.01683023,1.24528419,0.01466613
101,4018903,-0.00533924,-0.00644864,-0.00757734,-0.00793636,-0.00800019,0.01466613,-0.02487021,-0.06048191,-0.05000709,1.25995032,-0.01346551
102,4028903,-0.00509784,-0.00533924,-0.00644864,-0.00757734,-0.00793636,-0.01346551,0.01466613,-0.02487021,-0.06048191,1.24648481,-0.06378518
103,4038903,-0.00457842,-0.00509784,-0.00533924,-0.00644864,-0.00757734,-0.06378518,-0.01346551,0.01466613,-0.02487021,1.18269962,-0.00142060
104,4048903,-0.00394914,-0.00457842,-0.00509784,-0.00533924,-0.00644864,-0.00142060,-0.06378518,-0.01346551,0.01466613,1.18127902,-0.00966919
105,4058905,-0.00309220,-0.00394914,-0.00457842,-0.00509784,-0.00533924,-0.00966919,-0.00142060,-0.06378518,-0.01346551,1.17160983,0.00455286
106,4068903,-0.00206067,-0.00309220,-0.00394914,-0.00457842,-0.00509784,0.00455286,-0.00966919,-0.00142060,-0.06378518,1.17616269,0.02007326
107,4078903,-0.00084459,-0.00206067,-0.00309220,-0.00394914,-0.00457842,0.02007326,0.00455286,-0.00966919,-0.00142060,1.19623595,0.02773597
108,4088903,-0.00086967,-0.00084459,-0.00206067,-0.00309220,-0.00394914,0.02773597,0.02007326,0.00455286,-0.00966919,1.22397192,-0.06131792
109,4098903,-0.00064928,-0.00086967,-0.00084459,-0.00206067,-0.00309220,-0.06131792,0.02773597,0.02007326,0.00455286,1.16265401,0.01451449
110,4108903,-0.00067995,-0.00064928,-0.00086967,-0.00084459,-0.00206067,0.01451449,-0.06131792,0.02773597,0.02007326,1.17716850,-0.01684584
111,4118903,-0.00048091,-0.00067995,-0.00064928,-0.00086967,-0.00084459,-0.01684584,0.01451449,-0.06131792,0.02773597,1.16032266,0.00514007
112,4128903,0.00048403,-0.00048091,-0.00067995,-0.00064928,-0.00086967,0.00514007,-0.01684584,0.01451449,-0.06131792,1.16546273,0.06219678
113,4138903,0.00179326,0.00048403,-0.00048091,-0.00067995,-0.00064928,0.06219678,0.00514007,-0.01684584,0.01451449,1.22765951,0.05113302
114,4148903,0.00251752,0.00179326,0.00048403,-0.00048091,-0.00067995,0.05113302,0.06219678,0.00514007,-0.01684584,1.27879253,0.00625176
115,4158905,0.00375796,0.00251752,0.00179326,0.00048403,-0.00048091,0.00625176,0.05113302,0.06219678,0.00514007,1.28504429,0.07863739
116,4168903,0.00532732,0.00375796,0.00251752,0.00179326,0.00048403,0.07863739,0.00625176,0.05113302,0.06219678,1.36368168,0.08033449
117,4178903,0.00480710,0.00532732,0.00375796,0.00251752,0.00179326,0.08033449,0.07863739,0.00625176,0.05113302,1.44401617,-0.07820129
118,4188903,0.00400201,0.00480710,0.00532732,0.00375796,0.00251752,-0.07820129,0.08033449,0.07863739,0.00625176,1.36581488,0.00371934
119,4198903,0.00394607,0.00400201,0.00480710,0.00532732,0.00375796,0.00371934,-0.07820129,0.08033449,0.07863739,1.36953422,0.05725316
120,4208903,0.00377915,0.00394607,0.00400201,0.00480710,0.00532732,0.05725316,0.00371934,-0.07820129,0.08033449,1.42678738,0.00236473
121,4218903,0.00365770,0.00377915,0.00394607,0.00400201,0.00480710,0.00236473,0.05725316,0.00371934,-0.07820129,1.42915211,0.02798662
122,4228903,0.00331086,0.00365770,0.00377915,0.00394607,0.00400201,0.02798662,0.00236473,0.05725316,0.00371934,1.45713873,0.00728272
123,4238903,0.00346074,0.00331086,0.00365770,0.00377915,0.00394607,0.00728272,0.02798662,0.00236473,0.05725316,1.46442146,0.04446163
124,4248903,0.00432169,0.00346074,0.00331086,0.00365770,0.00377915,0.04446163,0.00728272,0.02798662,0.00236473,1.50888309,0.07876151
125,4258904,0.00503714,0.00432169,0.00346074,0.00331086,0.00365770,0.07876151,0.04446163,0.00728272,0.02798662,1.58764460,0.03839370
126,4268903,0.00510181,0.00503714,0.00432169,0.00346074,0.00331086,0.03839370,0.07876151,0.04446163,0.00728272,1.62603830,0.00786438
127,4278903,0.00484457,0.00510181,0.00503714,0.00432169,0.00346074,0.00786438,0.03839370,0.07876151,0.04446163,1.63390268,0.01465647
128,4288903,0.00498997,0.00484457,0.00510181,0.00503714,0.00432169,0.01465647,0.00786438,0.03839370,0.07876151,1.64855915,0.05055904
129,4298903,0.00424180,0.00498997,0.00484457,0.00510181,0.00503714,0.05055904,0.01465647,0.00786438,0.03839370,1.69911819,-0.03229113
130,4308903,0.00324600,0.00424180,0.00498997,0.00484457,0.00510181,-0.03229113,0.05055904,0.01465647,0.00786438,1.66682706,-0.00992551
131,4318903,0.00304880,0.00324600,0.00424180,0.00498997,0.00484457,-0.00992551,-0.03229113,0.05055904,0.01465647,1.65690155,0.05367637
132,4328903,0.00372109,0.00304880,0.00324600,0.00424180,0.00498997,0.05367637,-0.00992551,-0.03229113,0.05055904,1.71057792,0.06983875
133,4338903,0.00339575,0.00372109,0.00304880,0.00324600,0.00424180,0.06983875,0.05367637,-0.00992551,-0.03229113,1.78041667,-0.02986177
134,4348903,0.00110397,0.00339575,0.00372109,0.00304880,0.00324600,-0.02986177,0.06983875,0.05367637,-0.00992551,1.75055490,-0.12328998
135,4358904,-0.00046262,0.00110397,0.00339575,0.00372109,0.00304880,-0.12328998,-0.02986177,0.06983875,0.05367637,1.62726493,0.00107576
136,4368903,-0.00070505,-0.00046262,0.00110397,0.00339575,0.00372109,0.00107576,-0.12328998,-0.02986177,0.06983875,1.62834069,0.04120452
137,4378903,-0.00071216,-0.00070505,-0.00046262,0.00110397,0.00339575,0.04120452,0.00107576,-0.12328998,-0.02986177,1.66954521,-0.00312616
138,4388903,-0.00091869,-0.00071216,-0.00070505,-0.00046262,0.00110397,-0.00312616,0.04120452,0.00107576,-0.12328998,1.66641905,-0.01051704
139,4398903,-0.00145087,-0.00091869,-0.00071216,-0.00070505,-0.00046262,-0.01051704,-0.00312616,0.04120452,0.00107576,1.65590201,-0.03095227
140,4408903,-0.00228171,-0.00145087,-0.00091869,-0.00071216,-0.00070505,-0.03095227,-0.01051704,-0.00312616,0.04120452,1.62494974,-0.04730635
141,4418903,-0.00346009,-0.00228171,-0.00145087,-0.00091869,-0.00071216,-0.04730635,-0.03095227,-0.01051704,-0.00312616,1.57764339,-0.06251889
142,4428903,-0.00498479,-0.00346009,-0.00228171,-0.00145087,-0.00091869,-0.06251889,-0.04730635,-0.03095227,-0.01051704,1.51512449,-0.08059782
143,4438903,-0.00580824,-0.00498479,-0.00346009,-0.00228171,-0.00145087,-0.08059782,-0.06251889,-0.04730635,-0.03095227,1.43452668,-0.02365665
144,4448903,-0.00646358,-0.00580824,-0.00498479,-0.00346009,-0.00228171,-0.02365665,-0.08059782,-0.06251889,-0.04730635,1.41087002,-0.04980412
145,4458905,-0.00728785,-0.00646358,-0.00580824,-0.00498479,-0.00346009,-0.04980412,-0.02365665,-0.08059782,-0.06251889,1.36106590,-0.07262975
146,4468903,-0.00814940,-0.00728785,-0.00646358,-0.00580824,-0.00498479,-0.07262975,-0.04980412,-0.02365665,-0.08059782,1.28843615,-0.06706453
147,4478903,-0.00934549,-0.00814940,-0.00728785,-0.00646358,-0.00580824,-0.06706453,-0.07262975,-0.04980412,-0.02365665,1.22137162,-0.10108547
148,4488903,-0.01030603,-0.00934549,-0.00814940,-0.00728785,-0.00646358,-0.10108547,-0.06706453,-0.07262975,-0.04980412,1.12028615,-0.07609281
149,4498903,-0.01117315,-0.01030603,-0.00934549,-0.00814940,-0.00728785,-0.07609281,-0.10108547,-0.06706453,-0.07262975,1.04419333,-0.08522724
150,4508903,-0.01282090,-0.01117315,-0.01030603,-0.00934549,-0.00814940,-0.08522724,-0.07609281,-0.10108547,-0.06706453,0.95896610,-0.15392624
151,4518903,-0.01391613,-0.01282090,-0.01117315,-0.01030603,-0.00934549,-0.15392624,-0.08522724,-0.07609281,-0.10108547,0.80503985,-0.08369547
152,4528903,-0.01411574,-0.01391613,-0.01282090,-0.01117315,-0.01030603,-0.08369547,-0.15392624,-0.08522724,-0.07609281,0.72134438,-0.05525694
153,4538903,-0.01513210,-0.01411574,-0.01391613,-0.01282090,-0.01117315,-0.05525694,-0.08369547,-0.15392624,-0.08522724,0.66608745,-0.16049224
154,4548903,-0.01613865,-0.01513210,-0.01411574,-0.01391613,-0.01282090,-0.16049224,-0.05525694,-0.08369547,-0.15392624,0.50559521,-0.11686653
155,4558905,-0.01699628,-0.01613865,-0.01513210,-0.01411574,-0.01391613,-0.11686653,-0.16049224,-0.05525694,-0.08369547,0.38872868,-0.11732653
156,4568903,-0.01740326,-0.01699628,-0.01613865,-0.01513210,-0.01411574,-0.11732653,-0.11686653,-0.16049224,-0.05525694,0.27140215,-0.10639960
157,4578903,-0.01800351,-0.01740326,-0.01699628,-0.01613865,-0.01513210,-0.10639960,-0.11732653,-0.11686653,-0.16049224,0.16500255,-0.13373170
158,4588903,-0.01889026,-0.01800351,-0.01740326,-0.01699628,-0.01613865,-0.13373170,-0.10639960,-0.11732653,-0.11686653,0.03127084,-0.15129375
159,4598903,-0.01967593,-0.01889026,-0.01800351,-0.01740326,-0.01699628,-0.15129375,-0.13373170,-0.10639960,-0.11732653,-0.12002291,-0.13588010
160,4608903,-0.02093964,-0.01967593,-0.01889026,-0.01800351,-0.01740326,-0.13588010,-0.15129375,-0.13373170,-0.10639960,-0.25590300,-0.18359324
161,4618903,-0.02132239,-0.02093964,-0.01967593,-0.01889026,-0.01800351,-0.18359324,-0.13588010,-0.15129375,-0.13373170,-0.43949624,-0.10468460
162,4628903,-0.02241951,-0.02132239,-0.02093964,-0.01967593,-0.01889026,-0.10468460,-0.18359324,-0.13588010,-0.15129375,-0.54418084,-0.19863099
163,4638903,-0.02785663,-0.02241951,-0.02132239,-0.02093964,-0.01967593,-0.19863099,-0.10468460,-0.18359324,-0.13588010,-0.74281183,-0.48964888
164,4648903,-0.02740891,-0.02785663,-0.02241951,-0.02132239,-0.02093964,-0.48964888,-0.19863099,-0.10468460,-0.18359324,-1.23246071,0.11210961
165,4658904,-0.02408087,-0.02740891,-0.02785663,-0.02241951,-0.02132239,0.11210961,-0.48964888,-0.19863099,-0.10468460,-1.12035110,0.02935958
166,4668903,-0.02126055,-0.02408087,-0.02740891,-0.02785663,-0.02241951,0.02935958,0.11210961,-0.48964888,-0.19863099,-1.09099153,-0.12209711
167,4678904,-0.01773504,-0.02126055,-0.02408087,-0.02740891,-0.02785663,-0.12209711,0.02935958,0.11210961,-0.48964888,-1.21308864,0.03806380
168,4688905,-0.01445306,-0.01773504,-0.02126055,-0.02408087,-0.02740891,0.03806380,-0.12209711,0.02935958,0.11210961,-1.17502484,-0.03764171
169,4698907,-0.01222831,-0.01445306,-0.01773504,-0.02126055,-0.02408087,-0.03764171,0.03806380,-0.12209711,0.02935958,-1.21266655,-0.08747186
170,4708909,-0.00986549,-0.01222831,-0.01445306,-0.01773504,-0.02126055,-0.08747186,-0.03764171,0.03806380,-0.12209711,-1.30013841,0.00529696
171,4718909,-0.00719945,-0.00986549,-0.01222831,-0.01445306,-0.01773504,0.00529696,-0.08747186,-0.03764171,0.03806380,-1.29484145,0.01736141
172,4728909,-0.00507899,-0.00719945,-0.00986549,-0.01222831,-0.01445306,0.01736141,0.00529696,-0.08747186,-0.03764171,-1.27748004,-0.01761377
173,4738911,-0.00420449,-0.00507899,-0.00719945,-0.00986549,-0.01222831,-0.01761377,0.01736141,0.00529696,-0.08747186,-1.29509381,-0.05852192
174,4748912,-0.00446674,-0.00420449,-0.00507899,-0.00719945,-0.00986549,-0.05852192,-0.01761377,0.01736141,0.00529696,-1.35361573,-0.08356513
175,4758906,-0.00258294,-0.00446674,-0.00420449,-0.00507899,-0.00719945,-0.08356513,-0.05852192,-0.01761377,0.01736141,-1.43718086,0.11778155
176,4768904,-0.00023983,-0.00258294,-0.00446674,-0.00420449,-0.00507899,0.11778155,-0.08356513,-0.05852192,-0.01761377,-1.31939931,0.06060005
177,4778905,0.00233868,-0.00023983,-0.00258294,-0.00446674,-0.00420449,0.06060005,0.11778155,-0.08356513,-0.05852192,-1.25879926,0.07706684
178,4788904,0.00457412,0.00233868,-0.00023983,-0.00258294,-0.00446674,0.07706684,0.06060005,0.11778155,-0.08356513,-1.18173242,0.07459435
179,4798908,0.00627266,0.00457412,0.00233868,-0.00023983,-0.00258294,0.07459435,0.07706684,0.06060005,0.11778155,-1.10713807,0.04874419
180,4808903,0.00822537,0.00627266,0.00457412,0.00233868,-0.00023983,0.04874419,0.07459435,0.07706684,0.06060005,-1.05839388,0.10671243
181,4818903,0.01021342,0.00822537,0.00627266,0.00457412,0.00233868,0.10671243,0.04874419,0.07459435,0.07706684,-0.95168145,0.10714151
182,4828903,0.01199741,0.01021342,0.00822537,0.00627266,0.00457412,0.10714151,0.10671243,0.04874419,0.07459435,-0.84453994,0.10220471
183,4838903,0.01348583,0.01199741,0.01021342,0.00822537,0.00627266,0.10220471,0.10714151,0.10671243,0.04874419,-0.74233523,0.10755749
184,4848903,0.01523403,0.01348583,0.01199741,0.01021342,0.00822537,0.10755749,0.10220471,0.10714151,0.10671243,-0.63477774,0.14549749
185,4858904,0.01728985,0.01523403,0.01348583,0.01199741,0.01021342,0.14549749,0.10755749,0.10220471,0.10714151,-0.48928025,0.16590388
186,4868903,0.01988634,0.01728985,0.01523403,0.01348583,0.01199741,0.16590388,0.14549749,0.10755749,0.10220471,-0.32337637,0.20516290
187,4878903,0.02355993,0.01988634,0.01728985,0.01523403,0.01348583,0.20516290,0.16590388,0.14549749,0.10755749,-0.11821347,0.27762166
188,4888903,0.02519013,0.02355993,0.01988634,0.01728985,0.01523403,0.27762166,0.20516290,0.16590388,0.14549749,0.15940819,0.10252606
189,4898903,0.02738297,0.02519013,0.02355993,0.01988634,0.01728985,0.10252606,0.27762166,0.20516290,0.16590388,0.26193425,0.25221401
190,4908903,0.03005598,0.02738297,0.02519013,0.02355993,0.01988634,0.25221401,0.10252606,0.27762166,0.20516290,0.51414826,0.27273388
191,4918903,0.03028746,0.03005598,0.02738297,0.02519013,0.02355993,0.27273388,0.25221401,0.10252606,0.27762166,0.78688214,0.07416129
192,4928903,0.03234027,0.03028746,0.03005598,0.02738297,0.02519013,0.07416129,0.27273388,0.25221401,0.10252606,0.86104344,0.34461874
193,4938903,0.03075348,0.03234027,0.03028746,0.03005598,0.02738297,0.34461874,0.07416129,0.27273388,0.25221401,1.20566217,-0.00444001
194,4948903,0.02792649,0.03075348,0.03234027,0.03028746,0.03005598,-0.00444001,0.34461874,0.07416129,0.27273388,1.20122217,0.05376647
195,4958904,0.02644557,0.02792649,0.03075348,0.03234027,0.03028746,0.05376647,-0.00444001,0.34461874,0.07416129,1.25498864,0.21623871
196,4968903,0.02536520,0.02644557,0.02792649,0.03075348,0.03234027,0.21623871,0.05376647,-0.00444001,0.34461874,1.47122735,0.12904862
197,4978903,0.02284111,0.02536520,0.02644557,0.02792649,0.03075348,0.12904862,0.21623871,0.05376647,-0.00444001,1.60027597,0.02973569
198,4988903,0.02077276,0.02284111,0.02536520,0.02644557,0.02792649,0.02973569,0.12904862,0.21623871,0.05376647,1.63001166,0.12315719
199,4998903,0.01904618,0.02077276,0.02284111,0.02536520,0.02644557,0.12315719,0.02973569,0.12904862,0.21623871,1.75316884,0.09418300
200,5008903,0.01669872,0.01904618,0.02077276,0.02284111,0.02536520,0.09418300,0.12315719,0.02973569,0.12904862,1.84735184,0.02200578
201,5018903,0.01522663,0.01669872,0.01904618,0.02077276,0.02284111,0.02200578,0.09418300,0.12315719,0.02973569,1.86935762,0.11341915
202,5028903,0.01345694,0.01522663,0.01669872,0.01904618,0.02077276,0.11341915,0.02200578,0.09418300,0.12315719,1.98277678,0.03236759
203,5038903,0.01134181,0.01345694,0.01522663,0.01669872,0.01904618,0.03236759,0.11341915,0.02200578,0.09418300,2.01514437,0.00857993
204,5048903,0.00940082,0.01134181,0.01345694,0.01522663,0.01669872,0.00857993,0.03236759,0.11341915,0.02200578,2.02372430,0.03435110
205,5058904,0.00760216,0.00940082,0.01134181,0.01345694,0.01522663,0.03435110,0.00857993,0.03236759,0.11341915,2.05807540,0.01174862
206,5068903,0.00516526,0.00760216,0.00940082,0.01134181,0.01345694,0.01174862,0.03435110,0.00857993,0.03236759,2.06982403,-0.04857318
207,5078903,0.00304753,0.00516526,0.00760216,0.00940082,0.01134181,-0.04857318,0.01174862,0.03435110,0.00857993,2.02125085,-0.00747975
208,5088903,0.00082656,0.00304753,0.00516526,0.00760216,0.00940082,-0.00747975,-0.04857318,0.01174862,0.03435110,2.01377110,-0.04780749
209,5098903,-0.00147369,0.00082656,0.00304753,0.00516526,0.00760216,-0.04780749,-0.00747975,-0.04857318,0.01174862,1.96596360,-0.06488207
210,5108903,-0.00313164,-0.00147369,0.00082656,0.00304753,0.00516526,-0.06488207,-0.04780749,-0.00747975,-0.04857318,1.90108153,-0.02246861
211,5118903,-0.00587031,-0.00313164,-0.00147369,0.00082656,0.00304753,-0.02246861,-0.06488207,-0.04780749,-0.00747975,1.87861292,-0.14694261
212,5128903,-0.00809898,-0.00587031,-0.00313164,-0.00147369,0.00082656,-0.14694261,-0.02246861,-0.06488207,-0.04780749,1.73167031,-0.07421427
213,5138903,-0.01001747,-0.00809898,-0.00587031,-0.00313164,-0.00147369,-0.07421427,-0.14694261,-0.02246861,-0.06488207,1.65745605,-0.08777070
214,5148903,-0.01228591,-0.01001747,-0.00809898,-0.00587031,-0.00313164,-0.08777070,-0.07421427,-0.14694261,-0.02246861,1.56968535,-0.15025651
215,5158907,-0.01398199,-0.01228591,-0.01001747,-0.00809898,-0.00587031,-0.15025651,-0.08777070,-0.07421427,-0.14694261,1.41942883,-0.09283415
216,5168903,-0.01528892,-0.01398199,-0.01228591,-0.01001747,-0.00809898,-0.09283415,-0.15025651,-0.08777070,-0.07421427,1.32659469,-0.10850144
217,5178903,-0.01730997,-0.01528892,-0.01398199,-0.01228591,-0.01001747,-0.10850144,-0.09283415,-0.15025651,-0.08777070,1.21809325,-0.18909315
218,5188903,-0.01933134,-0.01730997,-0.01528892,-0.01398199,-0.01228591,-0.18909315,-0.10850144,-0.09283415,-0.15025651,1.02900010,-0.15988991
219,5198903,-0.02086803,-0.01933134,-0.01730997,-0.01528892,-0.01398199,-0.15988991,-0.18909315,-0.10850144,-0.09283415,0.86911019,-0.14405504
220,5208903,-0.02264932,-0.02086803,-0.01933134,-0.01730997,-0.01528892,-0.14405504,-0.15988991,-0.18909315,-0.10850144,0.72505515,-0.19883765
221,5218903,-0.02392239,-0.02264932,-0.02086803,-0.01933134,-0.01730997,-0.19883765,-0.14405504,-0.15988991,-0.18909315,0.52621750,-0.15351917
222,5228903,-0.02504452,-0.02392239,-0.02264932,-0.02086803,-0.01933134,-0.15351917,-0.19883765,-0.14405504,-0.15988991,0.37269833,-0.17559870
223,5238903,-0.02642323,-0.02504452,-0.02392239,-0.02264932,-0.02086803,-0.17559870,-0.15351917,-0.19883765,-0.14405504,0.19709963,-0.21225163
224,5248903,-0.02789330,-0.02642323,-0.02504452,-0.02392239,-0.02264932,-0.21225163,-0.17559870,-0.15351917,-0.19883765,-0.01515200,-0.20871516
225,5258906,-0.02962850,-0.02789330,-0.02642323,-0.02504452,-0.02392239,-0.20871516,-0.21225163,-0.17559870,-0.15351917,-0.22386716,-0.23824877
226,5268903,-0.03024137,-0.02962850,-0.02789330,-0.02642323,-0.02504452,-0.23824877,-0.20871516,-0.21225163,-0.17559870,-0.46211593,-0.15689449
227,5278903,-0.03318908,-0.03024137,-0.02962850,-0.02789330,-0.02642323,-0.15689449,-0.23824877,-0.20871516,-0.21225163,-0.61901043,-0.38031834
228,5288903,-0.03909231,-0.03318908,-0.03024137,-0.02962850,-0.02789330,-0.38031834,-0.15689449,-0.23824877,-0.20871516,-0.99932877,-0.50467046
229,5298903,-0.03747879,-0.03909231,-0.03318908,-0.03024137,-0.02962850,-0.50467046,-0.38031834,-0.15689449,-0.23824877,-1.50399923,0.14370270
230,5308903,-0.03395934,-0.03747879,-0.03909231,-0.03318908,-0.03024137,0.14370270,-0.50467046,-0.38031834,-0.15689449,-1.36029653,-0.08461939
231,5318903,-0.03097067,-0.03395934,-0.03747879,-0.03909231,-0.03318908,-0.08461939,0.14370270,-0.50467046,-0.38031834,-1.44491592,-0.16751760
232,5328903,-0.02813456,-0.03097067,-0.03395934,-0.03747879,-0.03909231,-0.16751760,-0.08461939,0.14370270,-0.50467046,-1.61243352,-0.07744242
233,5338903,-0.02552321,-0.02813456,-0.03097067,-0.03395934,-0.03747879,-0.07744242,-0.16751760,-0.08461939,0.14370270,-1.68987594,-0.12997095
234,5348903,-0.02402963,-0.02552321,-0.02813456,-0.03097067,-0.03395934,-0.12997095,-0.07744242,-0.16751760,-0.08461939,-1.81984688,-0.17689019
235,5358904,-0.02407595,-0.02402963,-0.02552321,-0.02813456,-0.03097067,-0.17689019,-0.12997095,-0.07744242,-0.16751760,-1.99673707,-0.21691787
236,5368903,-0.02348012,-0.02407595,-0.02402963,-0.02552321,-0.02813456,-0.21691787,-0.17689019,-0.12997095,-0.07744242,-2.21365494,-0.11096876
237,5378903,-0.02235630,-0.02348012,-0.02407595,-0.02402963,-0.02552321,-0.11096876,-0.21691787,-0.17689019,-0.12997095,-2.32462370,-0.10145897
238,5388903,-0.01990805,-0.02235630,-0.02348012,-0.02407595,-0.02402963,-0.10145897,-0.11096876,-0.21691787,-0.17689019,-2.42608267,-0.02060931
239,5398903,-0.01658349,-0.01990805,-0.02235630,-0.02348012,-0.02407595,-0.02060931,-0.10145897,-0.11096876,-0.21691787,-2.44669199,0.00863446
240,5408903,-0.01408557,-0.01658349,-0.01990805,-0.02235630,-0.02348012,0.00863446,-0.02060931,-0.10145897,-0.11096876,-2.43805752,-0.07444565
241,5418903,-0.01212713,-0.01408557,-0.01658349,-0.01990805,-0.02235630,-0.07444565,0.00863446,-0.02060931,-0.10145897,-2.51250318,-0.05272651
242,5428903,-0.01009890,-0.01212713,-0.01408557,-0.01658349,-0.01990805,-0.05272651,-0.07444565,0.00863446,-0.02060931,-2.56522969,-0.01573238
243,5438903,-0.00747307,-0.01009890,-0.01212713,-0.01408557,-0.01658349,-0.01573238,-0.05272651,-0.07444565,0.00863446,-2.58096206,0.02791497
244,5448903,-0.00563139,-0.00747307,-0.01009890,-0.01212713,-0.01408557,0.02791497,-0.01573238,-0.05272651,-0.07444565,-2.55304709,-0.03306555
245,5458905,-0.00416371,-0.00563139,-0.00747307,-0.01009890,-0.01212713,-0.03306555,0.02791497,-0.01573238,-0.05272651,-2.58611264,-0.00944789
246,5468903,-0.00106445,-0.00416371,-0.00563139,-0.00747307,-0.01009890,-0.00944789,-0.03306555,0.02791497,-0.01573238,-2.59556054,0.13478781
247,5478903,0.00199243,-0.00106445,-0.00416371,-0.00563139,-0.00747307,0.13478781,-0.00944789,-0.03306555,0.02791497,-2.46077273,0.06754354
248,5488903,0.00475419,0.00199243,-0.00106445,-0.00416371,-0.00563139,0.06754354,0.13478781,-0.00944789,-0.03306555,-2.39322919,0.07662807
249,5498903,0.00761317,0.00475419,0.00199243,-0.00106445,-0.00416371,0.07662807,0.06754354,0.13478781,-0.00944789,-2.31660111,0.12337590
250,5508903,0.01019392,0.00761317,0.00475419,0.00199243,-0.00106445,0.12337590,0.07662807,0.06754354,0.13478781,-2.19322521,0.10171505
251,5518903,0.01260881,0.01019392,0.00761317,0.00475419,0.00199243,0.10171505,0.12337590,0.07662807,0.06754354,-2.09151016,0.12402673
252,5528903,0.01470388,0.01260881,0.01019392,0.00761317,0.00475419,0.12402673,0.10171505,0.12337590,0.07662807,-1.96748343,0.12588459
253,5538903,0.01687786,0.01470388,0.01260881,0.01019392,0.00761317,0.12588459,0.12402673,0.10171505,0.12337590,-1.84159884,0.15493493
254,5548903,0.01899454,0.01687786,0.01470388,0.01260881,0.01019392,0.15493493,0.12588459,0.12402673,0.10171505,-1.68666391,0.16336821
255,5558904,0.02107193,0.01899454,0.01687786,0.01470388,0.01260881,0.16336821,0.15493493,0.12588459,0.12402673,-1.52329570,0.17560896
256,5568903,0.02359149,0.02107193,0.01899454,0.01687786,0.01470388,0.17560896,0.16336821,0.15493493,0.12588459,-1.34768674,0.22467088
257,5578903,0.02781592,0.02359149,0.02107193,0.01899454,0.01687786,0.22467088,0.17560896,0.16336821,0.15493493,-1.12301586,0.34244972
258,5588903,0.03220032,0.02781592,0.02359149,0.02107193,0.01899454,0.34244972,0.22467088,0.17560896,0.16336821,-0.78056614,0.30272646
259,5598903,0.03414720,0.03220032,0.02781592,0.02359149,0.02107193,0.30272646,0.34244972,0.22467088,0.17560896,-0.47783968,0.15227826
260,5608903,0.03556296,0.03414720,0.03220032,0.02781592,0.02359149,0.15227826,0.30272646,0.34244972,0.22467088,-0.32556142,0.24456161
261,5618903,0.03700398,0.03556296,0.03414720,0.03220032,0.02781592,0.24456161,0.15227826,0.30272646,0.34244972,-0.08099981,0.26406680
262,5628903,0.03968778,0.03700398,0.03556296,0.03414720,0.03220032,0.26406680,0.24456161,0.15227826,0.30272646,0.18306699,0.35311730
263,5638903,0.04228397,0.03968778,0.03700398,0.03556296,0.03414720,0.35311730,0.26406680,0.24456161,0.15227826,0.53618430,0.32289049
264,5648903,0.04264318,0.04228397,0.03968778,0.03700398,0.03556296,0.32289049,0.35311730,0.26406680,0.24456161,0.85907478,0.17960608
265,5658905,0.04281579,0.04264318,0.04228397,0.03968778,0.03700398,0.17960608,0.32289049,0.35311730,0.26406680,1.03868087,0.27751719
266,5668911,0.04739997,0.04281579,0.04264318,0.04228397,0.03968778,0.27751719,0.17960608,0.32289049,0.35311730,1.31619805,0.59465969
267,5678903,0.04641256,0.04739997,0.04281579,0.04264318,0.04228397,0.59465969,0.27751719,0.17960608,0.32289049,1.91085774,0.00585783
268,5688903,0.04269601,0.04641256,0.04739997,0.04281579,0.04264318,0.00585783,0.59465969,0.27751719,0.17960608,1.91671557,0.08674582
269,5698903,0.04002455,0.04269601,0.04641256,0.04739997,0.04281579,0.08674582,0.00585783,0.59465969,0.27751719,2.00346139,0.27048396
270,5708903,0.03807731,0.04002455,0.04269601,0.04641256,0.04739997,0.27048396,0.08674582,0.00585783,0.59465969,2.27394535,0.18974955
271,5718903,0.03515590,0.03807731,0.04002455,0.04269601,0.04641256,0.18974955,0.27048396,0.08674582,0.00585783,2.46369490,0.12068223
272,5728903,0.03163034,0.03515590,0.03807731,0.04002455,0.04269601,0.12068223,0.18974955,0.27048396,0.08674582,2.58437713,0.11404845
273,5738903,0.02879529,0.03163034,0.03515590,0.03807731,0.04002455,0.11404845,0.12068223,0.18974955,0.27048396,2.69842558,0.15102727
274,5748903,0.02730188,0.02879529,0.03163034,0.03515590,0.03807731,0.15102727,0.11404845,0.12068223,0.18974955,2.84945285,0.19762420
275,5758904,0.02570343,0.02730188,0.02879529,0.03163034,0.03515590,0.19762420,0.15102727,0.11404845,0.12068223,3.04707705,0.12370767
276,5768903,0.02392669,0.02570343,0.02730188,0.02879529,0.03163034,0.12370767,0.19762420,0.15102727,0.11404845,3.17078472,0.11143889
277,5778905,0.02203801,0.02392669,0.02570343,0.02730188,0.02879529,0.11143889,0.12370767,0.19762420,0.15102727,3.28222361,0.10074277
278,5788904,0.01980298,0.02203801,0.02392669,0.02570343,0.02730188,0.10074277,0.11143889,0.12370767,0.19762420,3.38296638,0.05977415
279,5798904,0.01687649,0.01980298,0.02203801,0.02392669,0.02570343,0.05977415,0.10074277,0.11143889,0.12370767,3.44274053,0.01501188
280,5808904,0.01327301,0.01687649,0.01980298,0.02203801,0.02392669,0.01501188,0.05977415,0.10074277,0.11143889,3.45775241,-0.02121344
281,5818904,0.00918316,0.01327301,0.01687649,0.01980298,0.02203801,-0.02121344,0.01501188,0.05977415,0.10074277,3.43653897,-0.05129975
282,5828904,0.00645351,0.00918316,0.01327301,0.01687649,0.01980298,-0.05129975,-0.02121344,0.01501188,0.05977415,3.38523922,0.04252402
283,5838904,0.00475020,0.00645351,0.00918316,0.01327301,0.01687649,0.04252402,-0.05129975,-0.02121344,0.01501188,3.42776324,0.03616429
284,5848904,0.00261887,0.00475020,0.00645351,0.00918316,0.01327301,0.03616429,0.04252402,-0.05129975,-0.02121344,3.46392753,-0.04999547
285,5858904,-0.00095641,0.00261887,0.00475020,0.00645351,0.00918316,-0.04999547,0.03616429,0.04252402,-0.05129975,3.41393206,-0.13756539
286,5868903,-0.00406897,-0.00095641,0.00261887,0.00475020,0.00645351,-0.13756539,-0.04999547,0.03616429,0.04252402,3.27636667,-0.06728901
287,5878903,-0.00619053,-0.00406897,-0.00095641,0.00261887,0.00475020,-0.06728901,-0.13756539,-0.04999547,0.03616429,3.20907766,-0.04568228
288,5888903,-0.00789058,-0.00619053,-0.00406897,-0.00095641,0.00261887,-0.04568228,-0.06728901,-0.13756539,-0.04999547,3.16339538,-0.07429570
289,5898903,-0.01025001,-0.00789058,-0.00619053,-0.00406897,-0.00095641,-0.07429570,-0.04568228,-0.06728901,-0.13756539,3.08909968,-0.13960023
290,5908903,-0.01171048,-0.01025001,-0.00789058,-0.00619053,-0.00406897,-0.13960023,-0.07429570,-0.04568228,-0.06728901,2.94949945,-0.06088211
291,5918903,-0.01364946,-0.01171048,-0.01025001,-0.00789058,-0.00619053,-0.06088211,-0.13960023,-0.07429570,-0.04568228,2.88861734,-0.15176446
292,5928903,-0.01603670,-0.01364946,-0.01171048,-0.01025001,-0.00789058,-0.15176446,-0.06088211,-0.13960023,-0.07429570,2.73685289,-0.17546732
293,5938903,-0.01813381,-0.01603670,-0.01364946,-0.01171048,-0.01025001,-0.17546732,-0.15176446,-0.06088211,-0.13960023,2.56138557,-0.14002467
294,5948903,-0.01970459,-0.01813381,-0.01603670,-0.01364946,-0.01171048,-0.14002467,-0.17546732,-0.15176446,-0.06088211,2.42136090,-0.14123714
295,5958905,-0.02211525,-0.01970459,-0.01813381,-0.01603670,-0.01364946,-0.14123714,-0.14002467,-0.17546732,-0.15176446,2.28012376,-0.23167678
296,5968903,-0.02315901,-0.02211525,-0.01970459,-0.01813381,-0.01603670,-0.23167678,-0.14123714,-0.14002467,-0.17546732,2.04844699,-0.10352010
297,5978903,-0.02377683,-0.02315901,-0.02211525,-0.01970459,-0.01813381,-0.10352010,-0.23167678,-0.14123714,-0.14002467,1.94492688,-0.14702176
298,5988903,-0.02519383,-0.02377683,-0.02315901,-0.02211525,-0.01970459,-0.14702176,-0.10352010,-0.23167678,-0.14123714,1.79790512,-0.23229535
299,5998903,-0.02677067,-0.02519383,-0.02377683,-0.02315901,-0.02211525,-0.23229535,-0.14702176,-0.10352010,-0.23167678,1.56560978,-0.20001540
300,6008903,-0.02778209,-0.02677067,-0.02519383,-0.02377683,-0.02315901,-0.20001540,-0.23229535,-0.14702176,-0.10352010,1.36559437,-0.17500169
301,6018903,-0.02895359,-0.02778209,-0.02677067,-0.02519383,-0.02377683,-0.17500169,-0.20001540,-0.23229535,-0.14702176,1.19059269,-0.22301776
302,6028903,-0.03001185,-0.02895359,-0.02778209,-0.02677067,-0.02519383,-0.22301776,-0.17500169,-0.20001540,-0.23229535,0.96757493,-0.20578097
303,6038903,-0.03055863,-0.03001185,-0.02895359,-0.02778209,-0.02677067,-0.20578097,-0.22301776,-0.17500169,-0.20001540,0.76179395,-0.18130469
304,6048903,-0.03133312,-0.03055863,-0.03001185,-0.02895359,-0.02778209,-0.18130469,-0.20578097,-0.22301776,-0.17500169,0.58048926,-0.22991771
305,6058904,-0.03197530,-0.03133312,-0.03055863,-0.03001185,-0.02895359,-0.22991771,-0.18130469,-0.20578097,-0.22301776,0.35057155,-0.20931027
306,6068903,-0.03212029,-0.03197530,-0.03133312,-0.03055863,-0.03001185,-0.20931027,-0.22991771,-0.18130469,-0.20578097,0.14126128,-0.18349582
307,6078903,-0.03232256,-0.03212029,-0.03197530,-0.03133312,-0.03055863,-0.18349582,-0.20931027,-0.22991771,-0.18130469,-0.04223454,-0.21660852
308,6088903,-0.03308975,-0.03232256,-0.03212029,-0.03197530,-0.03133312,-0.21660852,-0.18349582,-0.20931027,-0.22991771,-0.25884306,-0.25066230
309,6098903,-0.03294562,-0.03308975,-0.03232256,-0.03212029,-0.03197530,-0.25066230,-0.21660852,-0.18349582,-0.20931027,-0.50950536,-0.16291499
310,6108903,-0.03320706,-0.03294562,-0.03308975,-0.03232256,-0.03212029,-0.16291499,-0.25066230,-0.21660852,-0.18349582,-0.67242035,-0.23916397
311,6118903,-0.03594416,-0.03320706,-0.03294562,-0.03308975,-0.03232256,-0.23916397,-0.16291499,-0.25066230,-0.21660852,-0.91158432,-0.39993939
312,6128903,-0.03577623,-0.03594416,-0.03320706,-0.03294562,-0.03308975,-0.39993939,-0.23916397,-0.16291499,-0.25066230,-1.31152371,-0.08374219
313,6138903,-0.03284347,-0.03577623,-0.03594416,-0.03320706,-0.03294562,-0.08374219,-0.39993939,-0.23916397,-0.16291499,-1.39526590,-0.03353065
314,6148903,-0.02986496,-0.03284347,-0.03577623,-0.03594416,-0.03320706,-0.03353065,-0.08374219,-0.39993939,-0.23916397,-1.42879655,-0.14037801
315,6158905,-0.02618464,-0.02986496,-0.03284347,-0.03577623,-0.03594416,-0.14037801,-0.03353065,-0.08374219,-0.39993939,-1.56917457,-0.03417183
316,6168903,-0.02291179,-0.02618464,-0.02986496,-0.03284347,-0.03577623,-0.03417183,-0.14037801,-0.03353065,-0.08374219,-1.60334640,-0.09096880
317,6178903,-0.02026960,-0.02291179,-0.02618464,-0.02986496,-0.03284347,-0.09096880,-0.03417183,-0.14037801,-0.03353065,-1.69431520,-0.10753208
318,6188903,-0.01781449,-0.02026960,-0.02291179,-0.02618464,-0.02986496,-0.10753208,-0.09096880,-0.03417183,-0.14037801,-1.80184728,-0.06239940
319,6198903,-0.01547011,-0.01781449,-0.02026960,-0.02291179,-0.02618464,-0.06239940,-0.10753208,-0.09096880,-0.03417183,-1.86424668,-0.05893331
320,6208903,-0.01424221,-0.01547011,-0.01781449,-0.02026960,-0.02291179,-0.05893331,-0.06239940,-0.10753208,-0.09096880,-1.92317999,-0.11772097
321,6218903,-0.01369715,-0.01424221,-0.01547011,-0.01781449,-0.02026960,-0.11772097,-0.05893331,-0.06239940,-0.10753208,-2.04090096,-0.10325246
322,6228903,-0.01229118,-0.01369715,-0.01424221,-0.01547011,-0.01781449,-0.10325246,-0.11772097,-0.05893331,-0.06239940,-2.14415342,-0.01022590
323,6238903,-0.00975949,-0.01229118,-0.01369715,-0.01424221,-0.01547011,-0.01022590,-0.10325246,-0.11772097,-0.05893331,-2.15437932,0.03492926
324,6248903,-0.00673722,-0.00975949,-0.01229118,-0.01369715,-0.01424221,0.03492926,-0.01022590,-0.10325246,-0.11772097,-2.11945006,0.04130119
325,6258904,-0.00376937,-0.00673722,-0.00975949,-0.01229118,-0.01369715,0.04130119,0.03492926,-0.01022590,-0.10325246,-2.07814887,0.04186773
326,6268903,-0.00176257,-0.00376937,-0.00673722,-0.00975949,-0.01229118,0.04186773,0.04130119,0.03492926,-0.01022590,-2.03628114,-0.00858653
327,6278903,-0.00055274,-0.00176257,-0.00376937,-0.00673722,-0.00975949,-0.00858653,0.04186773,0.04130119,0.03492926,-2.04486767,-0.01204524
328,6288903,0.00207086,-0.00055274,-0.00176257,-0.00376937,-0.00673722,-0.01204524,-0.00858653,0.04186773,0.04130119,-2.05691291,0.13252282
329,6298903,0.00450259,0.00207086,-0.00055274,-0.00176257,-0.00376937,0.13252282,-0.01204524,-0.00858653,0.04186773,-1.92439010,0.06415242
330,6308903,0.00693891,0.00450259,0.00207086,-0.00055274,-0.00176257,0.06415242,0.13252282,-0.01204524,-0.00858653,-1.86023768,0.09509801
331,6318903,0.00901872,0.00693891,0.00450259,0.00207086,-0.00055274,0.09509801,0.06415242,0.13252282,-0.01204524,-1.76513967,0.09466908
332,6328903,0.01061597,0.00901872,0.00693891,0.00450259,0.00207086,0.09466908,0.09509801,0.06415242,0.13252282,-1.67047059,0.07509656
333,6338903,0.01247338,0.01061597,0.00901872,0.00693891,0.00450259,0.07509656,0.09466908,0.09509801,0.06415242,-1.59537403,0.13240294
334,6348903,0.01423028,0.01247338,0.01061597,0.00901872,0.00693891,0.13240294,0.07509656,0.09466908,0.09509801,-1.46297109,0.12170405
335,6358904,0.01611777,0.01423028,0.01247338,0.01061597,0.00901872,0.12170405,0.13240294,0.07509656,0.09466908,-1.34126704,0.14637718
336,6368905,0.01777182,0.01611777,0.01423028,0.01247338,0.01061597,0.14637718,0.12170405,0.13240294,0.07509656,-1.19488986,0.14061946
337,6378903,0.01960633,0.01777182,0.01611777,0.01423028,0.01247338,0.14061946,0.14637718,0.12170405,0.13240294,-1.05427040,0.17092186
338,6388903,0.02133004,0.01960633,0.01777182,0.01611777,0.01423028,0.17092186,0.14061946,0.14637718,0.12170405,-0.88334855,0.16811986
339,6398903,0.02404916,0.02133004,0.01960633,0.01777182,0.01611777,0.16811986,0.17092186,0.14061946,0.14637718,-0.71522869,0.25477606
340,6408903,0.02815365,0.02404916,0.02133004,0.01960633,0.01777182,0.25477606,0.16811986,0.17092186,0.14061946,-0.46045262,0.32848989
341,6418904,0.02938269,0.02815365,0.02404916,0.02133004,0.01960633,0.32848989,0.25477606,0.16811986,0.17092186,-0.13196273,0.08123740
342,6428903,0.03001282,0.02938269,0.02815365,0.02404916,0.02133004,0.08123740,0.32848989,0.25477606,0.16811986,-0.05072533,0.18837605
343,6438905,0.03035155,0.03001282,0.02938269,0.02815365,0.02404916,0.18837605,0.08123740,0.32848989,0.25477606,0.13765072,0.19231009
344,6448904,0.03296566,0.03035155,0.03001282,0.02938269,0.02815365,0.19231009,0.18837605,0.08123740,0.32848989,0.32996081,0.34957557
345,6458906,0.03559954,0.03296566,0.03035155,0.03001282,0.02938269,0.34957557,0.19231009,0.18837605,0.08123740,0.67953638,0.28535383
346,6468903,0.03550182,0.03559954,0.03296566,0.03035155,0.03001282,0.28535383,0.34957557,0.19231009,0.18837605,0.96489021,0.10145731
347,6478904,0.03754466,0.03550182,0.03559954,0.03296566,0.03035155,0.10145731,0.28535383,0.34957557,0.19231009,1.06634752,0.39431756
348,6488903,0.03740746,0.03754466,0.03550182,0.03559954,0.03296566,0.39431756,0.10145731,0.28535383,0.34957557,1.46066508,0.12865661
349,6498908,0.03326166,0.03740746,0.03754466,0.03550182,0.03559954,0.12865661,0.39431756,0.10145731,0.28535383,1.58932169,-0.06586622
350,6508903,0.02969558,0.03326166,0.03740746,0.03754466,0.03550182,-0.06586622,0.12865661,0.39431756,0.10145731,1.52345547,0.16497022
351,6518903,0.02723158,0.02969558,0.03326166,0.03740746,0.03754466,0.16497022,-0.06586622,0.12865661,0.39431756,1.68842569,0.14966227
352,6528903,0.02435619,0.02723158,0.02969558,0.03326166,0.03740746,0.14966227,0.16497022,-0.06586622,0.12865661,1.83808796,0.05903733
353,6538903,0.02202339,0.02435619,0.02723158,0.02969558,0.03326166,0.05903733,0.14966227,0.16497022,-0.06586622,1.89712530,0.13187535
354,6548903,0.02069447,0.02202339,0.02435619,0.02723158,0.02969558,0.13187535,0.05903733,0.14966227,0.16497022,2.02900064,0.14837778
355,6558905,0.01897899,0.02069447,0.02202339,0.02435619,0.02723158,0.14837778,0.13187535,0.05903733,0.14966227,2.17737843,0.06106678
356,6568903,0.01618549,0.01897899,0.02069447,0.02202339,0.02435619,0.06106678,0.14837778,0.13187535,0.05903733,2.23844520,0.00285267
357,6578903,0.01361149,0.01618549,0.01897899,0.02069447,0.02202339,0.00285267,0.06106678,0.14837778,0.13187535,2.24129788,0.04647396
358,6588903,0.01264958,0.01361149,0.01618549,0.01897899,0.02069447,0.04647396,0.00285267,0.06106678,0.14837778,2.28777183,0.12714640
359,6598903,0.01061330,0.01264958,0.01361149,0.01618549,0.01897899,0.12714640,0.04647396,0.00285267,0.06106678,2.41491824,-0.02989935
360,6608903,0.00764783,0.01061330,0.01264958,0.01361149,0.01618549,-0.02989935,0.12714640,0.04647396,0.00285267,2.38501889,-0.04985831
361,6618903,0.00477798,0.00764783,0.01061330,0.01264958,0.01361149,-0.04985831,-0.02989935,0.12714640,0.04647396,2.33516057,-0.01791183
362,6628903,0.00217516,0.00477798,0.00764783,0.01061330,0.01264958,-0.01791183,-0.04985831,-0.02989935,0.12714640,2.31724874,-0.03959972
363,6638903,0.00014083,0.00217516,0.00477798,0.00764783,0.01061330,-0.03959972,-0.01791183,-0.04985831,-0.02989935,2.27764903,-0.01808182
364,6648903,-0.00253154,0.00014083,0.00217516,0.00477798,0.00764783,-0.01808182,-0.03959972,-0.01791183,-0.04985831,2.25956720,-0.09936802
365,6658904,-0.00466808,-0.00253154,0.00014083,0.00217516,0.00477798,-0.09936802,-0.01808182,-0.03959972,-0.01791183,2.16019918,-0.04999336
366,6668903,-0.00640670,-0.00466808,-0.00253154,0.00014083,0.00217516,-0.04999336,-0.09936802,-0.01808182,-0.03959972,2.11020582,-0.05805234
367,6678903,-0.00811925,-0.00640670,-0.00466808,-0.00253154,0.00014083,-0.05805234,-0.04999336,-0.09936802,-0.01808182,2.05215349,-0.09187577
368,6688903,-0.01094108,-0.00811925,-0.00640670,-0.00466808,-0.00253154,-0.09187577,-0.05805234,-0.04999336,-0.09936802,1.96027772,-0.17488678
369,6698903,-0.01316182,-0.01094108,-0.00811925,-0.00640670,-0.00466808,-0.17488678,-0.09187577,-0.05805234,-0.04999336,1.78539095,-0.10146899
370,6708903,-0.01513651,-0.01316182,-0.01094108,-0.00811925,-0.00640670,-0.10146899,-0.17488678,-0.09187577,-0.05805234,1.68392195,-0.12995611
371,6718903,-0.01658886,-0.01513651,-0.01316182,-0.01094108,-0.00811925,-0.12995611,-0.10146899,-0.17488678,-0.09187577,1.55396584,-0.11842063
372,6728903,-0.01842186,-0.01658886,-0.01513651,-0.01316182,-0.01094108,-0.11842063,-0.12995611,-0.10146899,-0.17488678,1.43554522,-0.16831775
373,6738903,-0.02032385,-0.01842186,-0.01658886,-0.01513651,-0.01316182,-0.16831775,-0.11842063,-0.12995611,-0.10146899,1.26722746,-0.17299673
374,6748903,-0.02222918,-0.02032385,-0.01842186,-0.01658886,-0.01513651,-0.17299673,-0.16831775,-0.11842063,-0.12995611,1.09423073,-0.18034190
375,6758904,-0.02422964,-0.02222918,-0.02032385,-0.01842186,-0.01658886,-0.18034190,-0.17299673,-0.16831775,-0.11842063,0.91388883,-0.20377988
376,6768903,-0.02596442,-0.02422964,-0.02222918,-0.02032385,-0.01842186,-0.20377988,-0.18034190,-0.17299673,-0.16831775,0.71010896,-0.18985965
377,6778903,-0.02654821,-0.02596442,-0.02422964,-0.02222918,-0.02032385,-0.18985965,-0.20377988,-0.18034190,-0.17299673,0.52024931,-0.13011648
378,6788903,-0.02723765,-0.02654821,-0.02596442,-0.02422964,-0.02222918,-0.13011648,-0.18985965,-0.20377988,-0.18034190,0.39013283,-0.19565111
379,6798903,-0.02874476,-0.02723765,-0.02654821,-0.02596442,-0.02422964,-0.19565111,-0.13011648,-0.18985965,-0.20377988,0.19448172,-0.24960492
380,6808903,-0.03030372,-0.02874476,-0.02723765,-0.02654821,-0.02596442,-0.24960492,-0.19565111,-0.13011648,-0.18985965,-0.05512320,-0.22204517
381,6818903,-0.03261055,-0.03030372,-0.02874476,-0.02723765,-0.02654821,-0.22204517,-0.24960492,-0.19565111,-0.13011648,-0.27716837,-0.29431878
382,6828903,-0.03361112,-0.03261055,-0.03030372,-0.02874476,-0.02723765,-0.29431878,-0.22204517,-0.24960492,-0.19565111,-0.57148715,-0.17907706
383,6838903,-0.03485161,-0.03361112,-0.03261055,-0.03030372,-0.02874476,-0.17907706,-0.29431878,-0.22204517,-0.24960492,-0.75056421,-0.25956418
384,6848903,-0.03990928,-0.03485161,-0.03361112,-0.03261055,-0.03030372,-0.25956418,-0.17907706,-0.29431878,-0.22204517,-1.01012839,-0.53713808
385,6858906,-0.04090505,-0.03990928,-0.03485161,-0.03361112,-0.03261055,-0.53713808,-0.25956418,-0.17907706,-0.29431878,-1.54726647,-0.08434645
386,6868903,-0.03810134,-0.04090505,-0.03990928,-0.03485161,-0.03361112,-0.08434645,-0.53713808,-0.25956418,-0.17907706,-1.63161292,-0.02520162
387,6878903,-0.03591127,-0.03810134,-0.04090505,-0.03990928,-0.03485161,-0.02520162,-0.08434645,-0.53713808,-0.25956418,-1.65681454,-0.23434940
388,6888903,-0.03314062,-0.03591127,-0.03810134,-0.04090505,-0.03990928,-0.23434940,-0.02520162,-0.08434645,-0.53713808,-1.89116393,-0.09178857
389,6898903,-0.03029651,-0.03314062,-0.03591127,-0.03810134,-0.04090505,-0.09178857,-0.23434940,-0.02520162,-0.08434645,-1.98295250,-0.12375580
390,6908903,-0.02859004,-0.03029651,-0.03314062,-0.03591127,-0.03810134,-0.12375580,-0.09178857,-0.23434940,-0.02520162,-2.10670830,-0.21051389
391,6918903,-0.02756021,-0.02859004,-0.03029651,-0.03314062,-0.03591127,-0.21051389,-0.12375580,-0.09178857,-0.23434940,-2.31722219,-0.17313323
392,6928903,-0.02856398,-0.02756021,-0.02859004,-0.03029651,-0.03314062,-0.17313323,-0.21051389,-0.12375580,-0.09178857,-2.49035543,-0.29712819
393,6938903,-0.02847697,-0.02856398,-0.02756021,-0.02859004,-0.03029651,-0.29712819,-0.17313323,-0.21051389,-0.12375580,-2.78748361,-0.13501146
394,6948903,-0.02566182,-0.02847697,-0.02856398,-0.02756021,-0.02859004,-0.13501146,-0.29712819,-0.17313323,-0.21051389,-2.92249507,0.01724515
395,6958906,-0.02291434,-0.02566182,-0.02847697,-0.02856398,-0.02756021,0.01724515,-0.13501146,-0.29712819,-0.17313323,-2.90524992,-0.10498876
396,6968903,-0.02163031,-0.02291434,-0.02566182,-0.02847697,-0.02856398,-0.10498876,0.01724515,-0.13501146,-0.29712819,-3.01023868,-0.16483159
397,6978903,-0.02070512,-0.02163031,-0.02291434,-0.02566182,-0.02847697,-0.16483159,-0.10498876,0.01724515,-0.13501146,-3.17507027,-0.11489242
398,6988903,-0.01853099,-0.02070512,-0.02163031,-0.02291434,-0.02566182,-0.11489242,-0.16483159,-0.10498876,0.01724515,-3.28996269,-0.02396979
399,6998903,-0.01725274,-0.01853099,-0.02070512,-0.02163031,-0.02291434,-0.02396979,-0.11489242,-0.16483159,-0.10498876,-3.31393248,-0.13064223
400,7008903,-0.01567988,-0.01725274,-0.01853099,-0.02070512,-0.02163031,-0.13064223,-0.02396979,-0.11489242,-0.16483159,-3.44457471,-0.04935970
401,7018903,-0.01235915,-0.01567988,-0.01725274,-0.01853099,-0.02070512,-0.04935970,-0.13064223,-0.02396979,-0.11489242,-3.49393441,0.07516350
402,7028903,-0.00941965,-0.01235915,-0.01567988,-0.01725274,-0.01853099,0.07516350,-0.04935970,-0.13064223,-0.02396979,-3.41877091,-0.02564911
403,7038903,-0.00843955,-0.00941965,-0.01235915,-0.01567988,-0.01725274,-0.02564911,0.07516350,-0.04935970,-0.13064223,-3.44442001,-0.11514657
404,7048903,-0.00635928,-0.00843955,-0.00941965,-0.01235915,-0.01567988,-0.11514657,-0.02564911,0.07516350,-0.04935970,-3.55956658,0.06444256
405,7058904,-0.00427517,-0.00635928,-0.00843955,-0.00941965,-0.01235915,0.06444256,-0.11514657,-0.02564911,0.07516350,-3.49512402,0.00707834
406,7068903,-0.00245185,-0.00427517,-0.00635928,-0.00843955,-0.00941965,0.00707834,0.06444256,-0.11514657,-0.02564911,-3.48804568,0.00378710
407,7078903,0.00040894,-0.00245185,-0.00427517,-0.00635928,-0.00843955,0.00378710,0.00707834,0.06444256,-0.11514657,-3.48425858,0.12150976
408,7088903,0.00315028,0.00040894,-0.00245185,-0.00427517,-0.00635928,0.12150976,0.00378710,0.00707834,0.06444256,-3.36274882,0.06647045
409,7098903,0.00558614,0.00315028,0.00040894,-0.00245185,-0.00427517,0.06647045,0.12150976,0.00378710,0.00707834,-3.29627837,0.07293742
410,7108903,0.00794587,0.00558614,0.00315028,0.00040894,-0.00245185,0.07293742,0.06647045,0.12150976,0.00378710,-3.22334095,0.10514353
411,7118903,0.00883013,0.00794587,0.00558614,0.00315028,0.00040894,0.10514353,0.07293742,0.06647045,0.12150976,-3.11819742,0.00418334
412,7128903,0.01104498,0.00883013,0.00794587,0.00558614,0.00315028,0.00418334,0.10514353,0.07293742,0.06647045,-3.11401408,0.17883256
413,7138903,0.01396449,0.01104498,0.00883013,0.00794587,0.00558614,0.17883256,0.00418334,0.10514353,0.07293742,-2.93518151,0.18092105
414,7148903,0.01656826,0.01396449,0.01104498,0.00883013,0.00794587,0.18092105,0.17883256,0.00418334,0.10514353,-2.75426046,0.13754774
415,7158904,0.01900074,0.01656826,0.01396449,0.01104498,0.00883013,0.13754774,0.18092105,0.17883256,0.00418334,-2.61671272,0.17692051
416,7168903,0.02139759,0.01900074,0.01656826,0.01396449,0.01104498,0.17692051,0.13754774,0.18092105,0.17883256,-2.43979221,0.18562040
417,7178903,0.02393068,0.02139759,0.01900074,0.01656826,0.01396449,0.18562040,0.17692051,0.13754774,0.18092105,-2.25417180,0.20860316
418,7188903,0.02624784,0.02393068,0.02139759,0.01900074,0.01656826,0.20860316,0.18562040,0.17692051,0.13754774,-2.04556865,0.20803954
419,7198903,0.03053902,0.02624784,0.02393068,0.02139759,0.01900074,0.20803954,0.20860316,0.18562040,0.17692051,-1.83752911,0.37432101
420,7208903,0.03469855,0.03053902,0.02624784,0.02393068,0.02139759,0.37432101,0.20803954,0.20860316,0.18562040,-1.46320810,0.30073696
421,7218903,0.03649658,0.03469855,0.03053902,0.02624784,0.02393068,0.30073696,0.37432101,0.20803954,0.20860316,-1.16247114,0.16438140
422,7228903,0.03774849,0.03649658,0.03469855,0.03053902,0.02624784,0.16438140,0.30073696,0.37432101,0.20803954,-0.99808974,0.25729333
423,7238903,0.03968153,0.03774849,0.03649658,0.03469855,0.03053902,0.25729333,0.16438140,0.30073696,0.37432101,-0.74079641,0.31873028
424,7248903,0.04167813,0.03968153,0.03774849,0.03649658,0.03469855,0.31873028,0.25729333,0.16438140,0.30073696,-0.42206613,0.29809476
425,7258905,0.04242408,0.04167813,0.03968153,0.03774849,0.03649658,0.29809476,0.31873028,0.25729333,0.16438140,-0.12397138,0.23450296
426,7268903,0.04266077,0.04242408,0.04167813,0.03968153,0.03774849,0.23450296,0.29809476,0.31873028,0.25729333,0.11053159,0.25942082
427,7278903,0.04520541,0.04266077,0.04242408,0.04167813,0.03968153,0.25942082,0.23450296,0.29809476,0.31873028,0.36995240,0.44429484
428,7288903,0.04765831,0.04520541,0.04266077,0.04242408,0.04167813,0.44429484,0.25942082,0.23450296,0.29809476,0.81424724,0.34236736
429,7298903,0.04699139,0.04765831,0.04520541,0.04266077,0.04242408,0.34236736,0.44429484,0.25942082,0.23450296,1.15661460,0.14683386
430,7308903,0.04959792,0.04699139,0.04765831,0.04520541,0.04266077,0.14683386,0.34236736,0.44429484,0.25942082,1.30344846,0.53652513
431,7318903,0.04798684,0.04959792,0.04699139,0.04765831,0.04520541,0.53652513,0.14683386,0.34236736,0.44429484,1.83997359,0.06870097
432,7328903,0.04354895,0.04798684,0.04959792,0.04699139,0.04765831,0.06870097,0.53652513,0.14683386,0.34236736,1.90867456,0.04947763
433,7338903,0.03975753,0.04354895,0.04798684,0.04959792,0.04699139,0.04947763,0.06870097,0.53652513,0.14683386,1.95815219,0.23169206
434,7348903,0.03764711,0.03975753,0.04354895,0.04798684,0.04959792,0.23169206,0.04947763,0.06870097,0.53652513,2.18984425,0.23579239
435,7358904,0.03493139,0.03764711,0.03975753,0.04354895,0.04798684,0.23579239,0.23169206,0.04947763,0.06870097,2.42563664,0.13230803
436,7368905,0.03127429,0.03493139,0.03764711,0.03975753,0.04354895,0.13230803,0.23579239,0.23169206,0.04947763,2.55794467,0.09371682
437,7378903,0.02815531,0.03127429,0.03493139,0.03764711,0.03975753,0.09371682,0.13230803,0.23579239,0.23169206,2.65166148,0.14115350
438,7388903,0.02634322,0.02815531,0.03127429,0.03493139,0.03764711,0.14115350,0.09371682,0.13230803,0.23579239,2.79281498,0.18159846
439,7398903,0.02471819,0.02634322,0.02815531,0.03127429,0.03493139,0.18159846,0.14115350,0.09371682,0.13230803,2.97441345,0.12794192
440,7408903,0.02207149,0.02471819,0.02634322,0.02815531,0.03127429,0.12794192,0.18159846,0.14115350,0.09371682,3.10235537,0.04340379
441,7418903,0.01909803,0.02207149,0.02471819,0.02634322,0.02815531,0.04340379,0.12794192,0.18159846,0.14115350,3.14575916,0.05040476
442,7428905,0.01634538,0.01909803,0.02207149,0.02471819,0.02634322,0.05040476,0.04340379,0.12794192,0.18159846,3.19616391,0.05385558
443,7438903,0.01312942,0.01634538,0.01909803,0.02207149,0.02471819,0.05385558,0.05040476,0.04340379,0.12794192,3.25001949,-0.01079345
444,7448903,0.00952798,0.01312942,0.01634538,0.01909803,0.02207149,-0.01079345,0.05385558,0.05040476,0.04340379,3.23922604,-0.03096452
445,7458906,0.00613059,0.00952798,0.01312942,0.01634538,0.01909803,-0.03096452,-0.01079345,0.05385558,0.05040476,3.20826152,-0.02199003
446,7468903,0.00287070,0.00613059,0.00952798,0.01312942,0.01634538,-0.02199003,-0.03096452,-0.01079345,0.05385558,3.18627149,-0.04841257
447,7478904,0.00125573,0.00287070,0.00613059,0.00952798,0.01312942,-0.04841257,-0.02199003,-0.03096452,-0.01079345,3.13785892,0.04728994
448,7488904,-0.00073108,0.00125573,0.00287070,0.00613059,0.00952798,0.04728994,-0.04841257,-0.02199003,-0.03096452,3.18514886,-0.06412805
449,7498904,-0.00407306,-0.00073108,0.00125573,0.00287070,0.00613059,-0.06412805,0.04728994,-0.04841257,-0.02199003,3.12102081,-0.15682362
450,7508904,-0.00729239,-0.00407306,-0.00073108,0.00125573,0.00287070,-0.15682362,-0.06412805,0.04728994,-0.04841257,2.96419719,-0.09864654
451,7518904,-0.00998106,-0.00729239,-0.00407306,-0.00073108,0.00125573,-0.09864654,-0.15682362,-0.06412805,0.04728994,2.86555065,-0.10359831
452,7528904,-0.01157368,-0.00998106,-0.00729239,-0.00407306,-0.00073108,-0.10359831,-0.09864654,-0.15682362,-0.06412805,2.76195234,-0.06484743
453,7538905,-0.01349927,-0.01157368,-0.00998106,-0.00729239,-0.00407306,-0.06484743,-0.10359831,-0.09864654,-0.15682362,2.69710491,-0.13867535
454,7548904,-0.01503529,-0.01349927,-0.01157368,-0.00998106,-0.00729239,-0.13867535,-0.06484743,-0.10359831,-0.09864654,2.55842956,-0.10892097
455,7558904,-0.01642323,-0.01503529,-0.01349927,-0.01157368,-0.00998106,-0.10892097,-0.13867535,-0.06484743,-0.10359831,2.44950859,-0.12389568
456,7568903,-0.01776469,-0.01642323,-0.01503529,-0.01349927,-0.01157368,-0.12389568,-0.10892097,-0.13867535,-0.06484743,2.32561291,-0.14355032
457,7578903,-0.01950967,-0.01776469,-0.01642323,-0.01503529,-0.01349927,-0.14355032,-0.12389568,-0.10892097,-0.13867535,2.18206259,-0.17654171
458,7588903,-0.02058841,-0.01950967,-0.01776469,-0.01642323,-0.01503529,-0.17654171,-0.14355032,-0.12389568,-0.10892097,2.00552087,-0.12363821
459,7598903,-0.02146618,-0.02058841,-0.01950967,-0.01776469,-0.01642323,-0.12363821,-0.17654171,-0.14355032,-0.12389568,1.88188266,-0.14826924
460,7608903,-0.02271858,-0.02146618,-0.02058841,-0.01950967,-0.01776469,-0.14826924,-0.12363821,-0.17654171,-0.14355032,1.73361342,-0.19009813
461,7618903,-0.02412027,-0.02271858,-0.02146618,-0.02058841,-0.01950967,-0.19009813,-0.14826924,-0.12363821,-0.17654171,1.54351529,-0.18518175
462,7628903,-0.02441145,-0.02412027,-0.02271858,-0.02146618,-0.02058841,-0.18518175,-0.19009813,-0.14826924,-0.12363821,1.35833355,-0.11267118
463,7638903,-0.02466334,-0.02441145,-0.02412027,-0.02271858,-0.02146618,-0.11267118,-0.18518175,-0.19009813,-0.14826924,1.24566237,-0.16509554
464,7648903,-0.02486384,-0.02466334,-0.02441145,-0.02412027,-0.02271858,-0.16509554,-0.11267118,-0.18518175,-0.19009813,1.08056683,-0.15946172
465,7658905,-0.02483726,-0.02486384,-0.02466334,-0.02441145,-0.02412027,-0.15946172,-0.16509554,-0.11267118,-0.18518175,0.92110511,-0.14191287
466,7668903,-0.02475089,-0.02483726,-0.02486384,-0.02466334,-0.02441145,-0.14191287,-0.15946172,-0.16509554,-0.11267118,0.77919225,-0.15658968
467,7678903,-0.02444957,-0.02475089,-0.02483726,-0.02486384,-0.02466334,-0.15658968,-0.14191287,-0.15946172,-0.16509554,0.62260257,-0.13918496
468,7688903,-0.02390766,-0.02444957,-0.02475089,-0.02483726,-0.02486384,-0.13918496,-0.15658968,-0.14191287,-0.15946172,0.48341760,-0.12905134
469,7698903,-0.02351240,-0.02390766,-0.02444957,-0.02475089,-0.02483726,-0.12905134,-0.13918496,-0.15658968,-0.14191287,0.35436627,-0.14932682
470,7708903,-0.02275339,-0.02351240,-0.02390766,-0.02444957,-0.02475089,-0.14932682,-0.12905134,-0.13918496,-0.15658968,0.20503944,-0.11105775
471,7718903,-0.02206439,-0.02275339,-0.02351240,-0.02390766,-0.02444957,-0.11105775,-0.14932682,-0.12905134,-0.13918496,0.09398169,-0.12913759
472,7728903,-0.02176981,-0.02206439,-0.02275339,-0.02351240,-0.02390766,-0.12913759,-0.11105775,-0.14932682,-0.12905134,-0.03515590,-0.15158146
473,7738903,-0.02252004,-0.02176981,-0.02206439,-0.02275339,-0.02351240,-0.15158146,-0.12913759,-0.11105775,-0.14932682,-0.18673736,-0.20336989
474,7748903,-0.02226178,-0.02252004,-0.02176981,-0.02206439,-0.02275339,-0.20336989,-0.15158146,-0.12913759,-0.11105775,-0.39010724,-0.09099122
475,7758906,-0.02192775,-0.02226178,-0.02252004,-0.02176981,-0.02206439,-0.09099122,-0.20336989,-0.15158146,-0.12913759,-0.48109847,-0.13327511
476,7768903,-0.02249268,-0.02192775,-0.02226178,-0.02252004,-0.02176981,-0.13327511,-0.09099122,-0.20336989,-0.15158146,-0.61437358,-0.19976864
477,7778903,-0.02158799,-0.02249268,-0.02192775,-0.02226178,-0.02252004,-0.19976864,-0.13327511,-0.09099122,-0.20336989,-0.81414221,-0.04320426
478,7788903,-0.01888770,-0.02158799,-0.02249268,-0.02192775,-0.02226178,-0.04320426,-0.19976864,-0.13327511,-0.09099122,-0.85734647,0.01218804
479,7798903,-0.01614936,-0.01888770,-0.02158799,-0.02249268,-0.02192775,0.01218804,-0.04320426,-0.19976864,-0.13327511,-0.84515843,-0.05041500
480,7808903,-0.01271423,-0.01614936,-0.01888770,-0.02158799,-0.02249268,-0.05041500,0.01218804,-0.04320426,-0.19976864,-0.89557343,0.03459076
481,7818903,-0.00860518,-0.01271423,-0.01614936,-0.01888770,-0.02158799,0.03459076,-0.05041500,0.01218804,-0.04320426,-0.86098267,0.06593551
482,7828903,-0.00308622,-0.00860518,-0.01271423,-0.01614936,-0.01888770,0.06593551,0.03459076,-0.05041500,0.01218804,-0.79504716,0.15551001
483,7838903,-0.00014339,-0.00308622,-0.00860518,-0.01271423,-0.01614936,0.15551001,0.06593551,0.03459076,-0.05041500,-0.63953715,-0.05129484
484,7848903,0.00198519,-0.00014339,-0.00308622,-0.00860518,-0.01271423,-0.05129484,0.15551001,0.06593551,0.03459076,-0.69083199,0.02711544
485,7858905,0.00393119,0.00198519,-0.00014339,-0.00308622,-0.00860518,0.02711544,-0.05129484,0.15551001,0.06593551,-0.66371655,0.06369526
486,7868903,0.00541076,0.00393119,0.00198519,-0.00014339,-0.00308622,0.06369526,0.02711544,-0.05129484,0.15551001,-0.60002130,0.02844395
487,7878903,0.00699928,0.00541076,0.00393119,0.00198519,-0.00014339,0.02844395,0.06369526,0.02711544,-0.05129484,-0.57157734,0.08668558
488,7888903,0.00873601,0.00699928,0.00541076,0.00393119,0.00198519,0.08668558,0.02844395,0.06369526,0.02711544,-0.48489176,0.09959190
489,7898903,0.01035108,0.00873601,0.00699928,0.00541076,0.00393119,0.09959190,0.08668558,0.02844395,0.06369526,-0.38529986,0.09086014
490,7908903,0.01224060,0.01035108,0.00873601,0.00699928,0.00541076,0.09086014,0.09959190,0.08668558,0.02844395,-0.29443972,0.13372109
491,7918903,0.01392261,0.01224060,0.01035108,0.00873601,0.00699928,0.13372109,0.09086014,0.09959190,0.08668558,-0.16071863,0.11483404
492,7928903,0.01585648,0.01392261,0.01224060,0.01035108,0.00873601,0.11483404,0.13372109,0.09086014,0.09959190,-0.04588459,0.15256866
493,7938903,0.01895120,0.01585648,0.01392261,0.01224060,0.01035108,0.15256866,0.11483404,0.13372109,0.09086014,0.10668407,0.24044105
494,7948903,0.02279008,0.01895120,0.01585648,0.01392261,0.01224060,0.24044105,0.15256866,0.11483404,0.13372109,0.34712512,0.25633478
495,7958905,0.02431076,0.02279008,0.01895120,0.01585648,0.01392261,0.25633478,0.24044105,0.15256866,0.11483404,0.60345990,0.08405444
496,7968903,0.02453599,0.02431076,0.02279008,0.01895120,0.01585648,0.08405444,0.25633478,0.24044105,0.15256866,0.68751435,0.11258682
497,7978903,0.02787636,0.02453599,0.02431076,0.02279008,0.01895120,0.11258682,0.08405444,0.25633478,0.24044105,0.80010117,0.39051633
498,7988903,0.02673891,0.02787636,0.02453599,0.02431076,0.02279008,0.39051633,0.11258682,0.08405444,0.25633478,1.19061749,-0.07403326
499,7998903,0.02367504,0.02673891,0.02787636,0.02453599,0.02431076,-0.07403326,0.39051633,0.11258682,0.08405444,1.11658423,0.00767083