i,time,raw_accel,raw_gyro,kalman_accel
0,3459916,-0.03489241,1.13378906,-0.08728115
1,3462054,-0.19389372,1.07275391,-0.08746077
2,3464064,-0.13201066,0.95068359,-0.08711380
3,3466056,-0.29753669,3.69726562,-0.08821283
4,3468103,-0.32630573,5.83349609,-0.08950466
5,3470112,-0.51358581,11.02148438,-0.09230276
6,3472089,-0.64049446,19.74951172,-0.09597042
7,3474082,-0.64903791,30.36962891,-0.09935845
8,3476072,-0.73014839,43.12597656,-0.10302319
9,3478109,-0.61831711,56.00439453,-0.10520786
10,3480091,-0.57781461,69.79833984,-0.10647243
11,3482083,-0.57913482,81.70019531,-0.10742937
12,3484076,-0.39380565,91.09960938,-0.10634773
13,3486057,-0.38808224,99.70556641,-0.10493639
14,3488111,-0.18740800,106.35839844,-0.10149726
15,3490100,-0.07125781,111.11914062,-0.09670117
16,3492085,-0.03830728,113.80468750,-0.09169635
17,3494077,-0.06091074,115.45263672,-0.08689632
18,3496059,-0.08826731,117.77197266,-0.08229555
19,3498111,0.15580645,118.93164062,-0.07547521
20,3500099,0.21192687,119.41992188,-0.06801195
21,3502084,0.02879510,118.87060547,-0.06246407
22,3504076,0.12715542,117.52783203,-0.05611409
23,3506057,0.17319833,117.16162109,-0.04938677
24,3508111,0.34300835,116.55126953,-0.04119903
25,3510099,0.33773242,113.62158203,-0.03305463
26,3512084,0.38177938,110.81396484,-0.02481376
27,3514080,0.48397455,106.35839844,-0.01585558
28,3516077,0.49775503,101.71972656,0.00000000
29,3518087,0.57230555,96.04345703,0.00000000
30,3520082,0.47427006,90.36718750,0.01051102
31,3522072,0.69714817,83.77539062,0.02042115
32,3524068,0.68974047,75.77978516,0.02990725
33,3526069,0.86958968,65.34277344,0.04063913
34,3528088,0.73093634,54.11230469,0.04963744
35,3530083,0.71965057,41.11181641,0.05804018
36,3532080,0.64535602,27.68408203,0.06521195
37,3534076,0.54898870,15.59912109,0.07102961
38,3536061,0.73132208,0.52343750,0.07797445
39,3538088,0.56080185,-9.30322266,0.08295745
40,3540079,0.39489908,-19.55712891,0.08602818
41,3542060,0.23330610,-28.77343750,0.08726535
42,3544053,0.21915206,-35.18212891,0.08814605
43,3546051,0.18034398,-38.23388672,0.08855656
44,3548085,0.32311179,-41.83496094,0.09016234
45,3550078,0.36551100,-42.75048828,0.09211098
46,3552063,0.63280249,-47.45019531,0.09637581
47,3554059,0.65378087,-53.06542969,0.10062206
48,3556056,0.53189762,-60.63378906,0.10345212
49,3558090,0.40094690,-68.81250000,0.10477316
50,3560122,0.37117148,-76.93017578,0.10550342
51,3562172,0.47935103,-86.51269531,0.10690496
52,3564170,0.25784800,-93.77587891,0.10597449
53,3566154,0.06064163,-99.57421875,0.10309460
54,3568221,-0.16005927,-104.02978516,0.09805264
55,3570205,-0.14850017,-109.27880859,0.09285935
56,3572188,-0.07993867,-112.45263672,0.08835139
57,3574172,-0.21864364,-113.79541016,0.08254827
58,3576155,-0.26912716,-115.26025391,0.07627118
59,3578223,-0.26023486,-114.03955078,0.07016631
60,3580207,-0.25779276,-111.84228516,0.06407971
61,3582191,-0.26498711,-109.40087891,0.05818048
62,3584160,-0.27101494,-107.26464844,0.05234354
63,3586129,-0.25490617,-105.00634766,0.04679885
64,3588197,-0.27463438,-102.19873047,0.04120911
65,3590181,-0.37369577,-99.02490234,0.03472206
66,3592165,-0.42062462,-94.20312500,0.02811928
67,3594149,-0.34887196,-89.86962891,0.02238085
68,3596133,-0.34324239,-84.01025391,0.01693662
69,3598211,-0.39035126,-78.27294922,0.01129107
70,3600199,-0.50598166,-72.35253906,0.00000000
71,3602187,-0.56510342,-66.37109375,0.00000000
72,3604174,-0.61151467,-60.93896484,0.00000000
73,3606161,-0.65299869,-52.76025391,-0.01606280
74,3608228,-0.65592797,-42.14013672,-0.02271549
75,3610215,-0.51436410,-32.00830078,-0.02767812
76,3612207,-0.50304150,-20.04541016,-0.03207824
77,3614195,-0.55667132,-9.54736328,-0.03658925
78,3616168,-0.54327828,1.86621094,-0.04055776
79,3618249,-0.50476824,13.64599609,-0.04375037
80,3620233,-0.25816915,23.96093750,-0.04420193
81,3622217,-0.12387056,32.75000000,-0.04317695
82,3624203,-0.04872702,37.69384766,-0.04129539
83,3626187,-0.06627282,40.62353516,-0.03949237
84,3628239,0.05277122,41.53906250,-0.03657018
85,3630222,0.02457708,43.06494141,-0.03380970
86,3632206,-0.05729520,42.88183594,-0.03191402
87,3634189,-0.25618235,43.00390625,-0.03188395
88,3636172,-0.14947285,43.67529297,-0.03084589
89,3638250,-0.02517548,43.06494141,-0.02868443
90,3640233,0.03933110,44.83496094,-0.02577802
91,3642216,-0.02519347,45.44531250,-0.02358039
92,3644204,-0.10287696,45.44531250,-0.02212599
93,3646187,-0.04131028,45.62841797,-0.02010283
94,3648238,0.11917957,46.66601562,-0.01657626
95,3650222,0.06726404,48.13085938,-0.01343270
96,3652205,-0.00935111,49.16845703,-0.01107064
97,3654189,0.02596172,51.06054688,0.00000000
98,3656157,0.15919775,53.07470703,0.00000000
99,3658204,0.27152506,54.60058594,0.00000000
100,3660232,0.40532786,54.90576172,0.00000000
101,3662285,0.49459847,54.11230469,0.01423118
102,3664274,0.55024765,50.57226562,0.02170362
103,3666260,0.66534079,46.54394531,0.02998269
104,3668263,0.82568105,40.07421875,0.03946906
105,3670250,0.83574981,31.71240234,0.04871079
106,3672238,0.83005345,20.78710938,0.05744648
107,3674225,0.62609748,10.10595703,0.06386017
108,3676212,0.57536134,-2.22314453,0.06933399
109,3678259,0.45670912,-13.51464844,0.07328100
110,3680243,0.21378760,-22.66992188,0.07463221
111,3682227,0.32994293,-30.29931641,0.07679118
112,3684211,0.31161199,-34.81591797,0.07861181
113,3686198,0.70339910,-42.50634766,0.08379745
114,3688260,0.81056941,-48.79296875,0.08973012
115,3690247,0.69918695,-58.98583984,0.09420161
116,3692234,0.48623624,-73.20703125,0.09622549
117,3694223,0.44528140,-85.78027344,0.09742930
118,3696206,0.35840398,-96.46142578,0.09745821
119,3698256,0.24132800,-107.14257812,0.09604624
120,3700239,0.11830299,-115.44335938,0.09312310
121,3702222,-0.15186754,-118.92236328,0.08770571
122,3704205,-0.25058678,-120.38720703,0.08136484
123,3706189,-0.16430152,-121.42480469,0.07583896
124,3708227,-0.18177754,-123.01171875,0.07014178
125,3710211,-0.29394337,-121.85205078,0.06340071
126,3712194,-0.36194785,-119.95996094,0.05623508
127,3714162,-0.32861407,-118.61718750,0.04948335
128,3716131,-0.18651990,-117.57958984,0.04415911
129,3718198,-0.28853563,-115.99267578,0.03798604
130,3720181,-0.35863181,-115.01611328,0.03109340
131,3722164,-0.42538225,-111.90332031,0.02387426
132,3724148,-0.32930987,-109.27880859,0.01768839
133,3726132,-0.32780992,-107.14257812,0.01163954
134,3728211,-0.36125021,-104.64013672,0.00000000
135,3730198,-0.63836061,-101.95458984,0.00000000
136,3732185,-0.71190488,-97.74316406,-0.01249725
137,3734174,-0.71475143,-94.08105469,-0.02145881
138,3736161,-0.84874717,-84.74267578,-0.03127442
139,3738228,-0.82688513,-73.26806641,-0.04042281
140,3740216,-0.63814461,-62.89208984,-0.04746698
141,3742208,-0.80721930,-44.03222656,-0.05531761
142,3744196,-0.96860990,-29.38378906,-0.06410332
143,3746169,-0.92658047,-8.08251953,-0.07171011
144,3748249,-0.69056012,9.55664062,-0.07648973
145,3750236,-0.47145181,27.56201172,-0.07852363
146,3752223,-0.45308696,42.69873047,-0.07993098
147,3754206,-0.36014003,52.03710938,-0.08015634
148,3756189,-0.24004779,58.56787109,-0.07906100
149,3758239,-0.30924873,63.02343750,-0.07846388
150,3760257,-0.40771602,65.09863281,-0.07862109
151,3762291,-0.45661221,69.79833984,-0.07911147
152,3764279,-0.42900799,76.81738281,-0.07909965
153,3766263,-0.20696751,82.06640625,-0.07693247
154,3768273,-0.06191465,89.32958984,-0.07321011
155,3770256,-0.16334825,94.63964844,-0.07022453
156,3772239,-0.07316438,98.36279297,-0.06636226
157,3774223,0.04980618,102.26904297,-0.06126828
158,3776206,0.16666974,104.77148438,-0.05505989
159,3778272,0.33753553,105.74804688,-0.04729878
160,3780255,0.19323547,106.11425781,-0.04073821
161,3782239,0.29465039,104.58837891,-0.03352754
162,3784222,0.35018628,103.79492188,-0.02589244
163,3786206,0.36630338,101.23144531,-0.01825856
164,3788262,0.50322078,98.11865234,0.00000000
165,3790249,0.51802878,94.82275391,0.00000000
166,3792237,0.70044864,89.57373047,0.00000000
167,3794224,0.87683161,83.47021484,0.02084151
168,3796211,0.83674335,75.41357422,0.03155442
169,3798262,0.78976812,63.69482422,0.04135498
170,3800249,0.70288393,50.99951172,0.04993151
171,3802236,0.88316439,33.54345703,0.05941980
172,3804223,0.80272187,19.93261719,0.06763609
173,3806210,0.77017119,6.68798828,0.07504082
174,3808261,0.69552169,-7.10595703,0.08123722
175,3810248,0.59727259,-19.86230469,0.08605901
176,3812235,0.55527956,-32.25244141,0.09003583
177,3814218,0.37650041,-40.30908203,0.09207596
178,3816203,0.16802760,-46.16845703,0.09199874
179,3818259,0.12673861,-48.97607422,0.09145014
180,3820243,0.09530421,-49.22021484,0.09058020
181,3822226,0.35803702,-51.60058594,0.09206779
182,3824213,0.56133892,-53.55371094,0.09533662
183,3826201,0.69973744,-57.39892578,0.09971391
184,3828263,0.76799673,-63.31933594,0.10448373
185,3830251,0.46315663,-71.07080078,0.10612170
186,3832238,0.54817708,-82.42333984,0.10819732
187,3834225,0.58860631,-92.86035156,0.11027380
188,3836208,0.29732801,-107.02050781,0.10920347
189,3838259,0.16689960,-118.86132812,0.10656146
190,3840242,-0.12296571,-125.39208984,0.10096703
191,3842226,-0.15301336,-131.67871094,0.09504485
192,3844210,-0.32886926,-135.15771484,0.08745316
193,3846193,-0.39047947,-139.67431641,0.07920903
194,3848262,-0.48231227,-140.83398438,0.07015394
195,3850250,-0.44261833,-140.77294922,0.06135793
196,3852233,-0.30184746,-141.07812500,0.05406093
197,3854220,-0.47008821,-139.97949219,0.04534356
198,3856208,-0.48255779,-138.57568359,0.03662142
199,3858275,-0.48311695,-134.79150391,0.02809219
200,3860301,-0.37008948,-132.04492188,0.02059815
201,3862342,-0.57565710,-129.84765625,0.01145018
202,3864330,-0.95848011,-126.24658203,0.00000000
203,3866317,-0.88903144,-119.83789062,-0.01240494
204,3868366,-0.82205863,-107.08154297,-0.02268416
205,3870353,-0.63294146,-95.79003906,-0.03087032
206,3872340,-0.66476769,-77.66259766,-0.03857908
207,3874328,-0.92380352,-64.17382812,-0.04811085
208,3876316,-1.12001822,-43.72705078,-0.05864766
209,3878367,-0.94729989,-20.22851562,-0.06674388
210,3880355,-0.60342598,-1.06347656,-0.07100511
211,3882342,-0.64040667,22.49609375,-0.07478186
212,3884329,-0.80685041,38.73144531,-0.07948168
213,3886316,-0.71050417,52.64746094,-0.08280733
214,3888367,-0.55718933,63.14550781,-0.08437325
215,3890354,-0.45192948,70.16455078,-0.08465276
216,3892341,-0.63893697,80.84570312,-0.08635052
217,3894328,-0.65272026,89.51269531,-0.08787097
218,3896316,-0.46309049,97.50830078,-0.08740799
219,3898363,-0.23605392,108.00634766,-0.08455195
220,3900346,-0.16269025,116.67333984,-0.08063201
221,3902329,-0.24604784,122.53271484,-0.07744240
222,3904313,-0.05606202,126.86621094,-0.07242922
223,3906296,0.24553215,129.73486328,-0.06465384
224,3908364,0.27815049,130.16210938,-0.05663722
225,3910348,0.29227249,128.02587891,-0.04841945
226,3912331,0.14090677,126.50000000,-0.04188580
227,3914318,0.50000036,124.05859375,-0.03227586
228,3916306,0.55430814,120.76269531,-0.02235596
229,3918354,0.59868802,115.26953125,-0.01230228
230,3920341,0.61593400,108.79980469,0.00000000
231,3922329,0.87194708,103.06250000,0.00000000
232,3924317,0.87256564,94.57861328,0.02121137
233,3926306,0.90889551,82.37158203,0.03258110
234,3928353,0.90513394,67.84521484,0.04333388
235,3930341,0.83701046,53.74609375,0.05299043
236,3932329,0.92155968,37.63281250,0.06270382
237,3934317,0.86111200,23.59472656,0.07132469
238,3936305,0.90537469,8.76318359,0.07977034
239,3938353,0.81915933,-4.96972656,0.08691583
240,3940341,0.71929585,-18.33642578,0.09266757
241,3942329,0.77063387,-30.48242188,0.09841748
242,3944316,0.67706655,-38.60009766,0.10301656
243,3946304,0.87625733,-48.60986328,0.10901581
244,3948489,0.71090129,-55.38476562,0.11327231
245,3950481,1.03991436,-65.02832031,0.11996388
246,3952473,0.84059054,-73.20703125,0.12469655
247,3954464,0.85636628,-84.19335938,0.12916226
248,3956454,0.95174282,-94.87451172,0.13408476
249,3958526,0.61148130,-103.66357422,0.13565394
250,3960573,0.73047418,-117.45751953,0.13767313
251,3962612,0.29198958,-129.78662109,0.13539672
252,3964599,0.46990135,-146.32714844,0.13415713
253,3966583,0.05611662,-153.65136719,0.12911940
254,3968724,-0.33177481,-158.16796875,0.12053681
255,3970728,-0.59014638,-161.15869141,0.10925753
256,3972732,-0.77311464,-167.50634766,0.09654172
257,3974728,-0.31099908,-168.72705078,0.08797483
258,3976732,-0.60868519,-165.61425781,0.07696668
259,3978742,-0.70127341,-162.68457031,0.06530752
260,3980741,-0.78819591,-160.85351562,0.05301429
261,3982741,-0.74144554,-152.43066406,0.04154656
262,3984742,-0.96854370,-143.21435547,0.02847152
263,3986742,-0.90054537,-136.92773438,0.01630935
264,3988744,-0.90053063,-122.34033203,0.00000000
265,3990742,-0.69145771,-107.44775391,0.00000000
266,3992741,-0.69025774,-90.72412109,-0.01284013
267,3994741,-1.07858125,-73.57324219,-0.02407440
268,3996741,-1.16433825,-51.84472656,-0.03523566
269,3998743,-0.87003100,-32.74072266,-0.04306599
270,4000741,-0.59766132,-6.98388672,-0.04755338
271,4002741,-0.78097802,13.34082031,-0.05292475
272,4004741,-0.92583789,31.46826172,-0.05891063
273,4006741,-0.75531856,48.68017578,-0.06276561
274,4008743,-0.63789517,57.22509766,-0.06527076
275,4010742,-0.69579647,73.58251953,-0.06770511
276,4012741,-0.77122242,85.05712891,-0.07040231
277,4014741,-0.80231590,98.54589844,-0.07289609
278,4016741,-0.45750065,110.26464844,-0.07194659
279,4018739,-0.26032749,122.71582031,-0.06885280
280,4020737,-0.33245258,132.72558594,-0.06608124
281,4022734,-0.33118698,138.70703125,-0.06312392
282,4024729,-0.16907674,145.66503906,-0.05853738
283,4026727,0.17485536,149.63232422,-0.05085070
284,4028733,0.20372531,149.87646484,-0.04295763
285,4030728,0.03833283,148.35058594,-0.03660590
286,4032728,0.03416747,147.19091797,-0.03041572
287,4034728,0.33125761,143.89501953,-0.02178490
288,4036731,0.59279882,140.41601562,-0.01105877
289,4038731,0.61190598,134.80078125,0.00000000
290,4040732,0.51177617,128.08691406,0.00000000
291,4042733,0.90102051,121.18994141,0.02151220
292,4044732,0.85686480,108.37255859,0.03310850
293,4046732,0.95948345,96.47070312,0.04509547
294,4048731,0.91959020,79.01464844,0.05604602
295,4050732,0.83819697,65.95312500,0.06575690
296,4052732,0.91926858,47.76464844,0.07547683
297,4054732,0.91528820,34.39794922,0.08462967
298,4056732,1.13123869,19.99365234,0.09509769
299,4058735,0.99512568,4.55175781,0.10377669
300,4060792,0.90945403,-10.95117188,0.11111746
301,4062854,0.87484348,-26.51513672,0.11756557
302,4064841,0.72534106,-38.84423828,0.12223839
303,4066828,0.70145728,-48.06054688,0.12637647
304,4068844,0.54694303,-54.65234375,0.12892186
305,4070832,0.88348086,-64.60107422,0.13400835
306,4072821,0.98503388,-76.50292969,0.13955513
307,4074800,1.01261584,-92.18896484,0.14476729
308,4076795,0.95753865,-108.54638672,0.14892445
309,4078796,1.02025782,-125.94140625,0.15297951
310,4080793,1.02286124,-144.80126953,0.15637476
311,4082783,0.88132880,-159.75488281,0.15802669
312,4084780,0.56844105,-172.02294922,0.15656497
313,4086773,0.32016550,-179.95751953,0.15268713
314,4088789,-0.08884093,-186.54931641,0.14509819
315,4090775,-0.43486224,-188.01416016,0.13446968
316,4092772,-0.53622997,-185.14550781,0.12323119
317,4094769,-0.67138625,-179.89648438,0.11106380
318,4096766,-0.59105143,-179.77441406,0.09968432
319,4098777,-0.55750181,-176.41748047,0.08879581
320,4100774,-0.72223503,-171.71777344,0.07669770
321,4102771,-0.86554845,-162.62353516,0.06380601
322,4104769,-0.95629655,-153.40722656,0.05054662
323,4106766,-0.83499521,-145.16748047,0.03870922
324,4108773,-0.80115858,-128.07763672,0.02784123
325,4110769,-0.85019834,-115.26025391,0.01705691
326,4112766,-1.03435917,-95.85107422,0.00000000
327,4114770,-1.10959528,-73.32910156,0.00000000
328,4116766,-0.86086784,-55.62890625,-0.01450259
329,4118774,-0.76721266,-31.82519531,-0.02138415
330,4120771,-0.79494949,-6.19042969,-0.02757092
331,4122768,-0.82723804,14.25634766,-0.03329108
332,4124771,-0.59149112,32.99414062,-0.03630996
333,4126764,-0.22798373,42.33251953,-0.03587190
334,4128767,-0.01903081,52.22021484,-0.03332259
335,4130765,-0.26195666,56.24853516,-0.03272132
336,4132764,-0.21789288,57.22509766,-0.03172499
337,4134763,0.02369210,60.21582031,-0.02857103
338,4136762,0.18742156,63.14550781,-0.02394463
339,4138759,-0.04880794,65.34277344,-0.02129406
340,4140759,-0.27073652,66.13623047,-0.02053632
341,4142759,-0.05971681,68.39453125,-0.01790800
342,4144759,0.05410221,70.22558594,-0.01426738
343,4146759,-0.00499824,69.85937500,-0.01117461
344,4148761,-0.31650088,70.22558594,-0.01074969
345,4150761,-0.47292551,71.62939453,-0.01161277
346,4152758,-0.31330012,72.05664062,-0.01110556
347,4154759,-0.14858155,71.20214844,0.00000000
348,4156759,-0.05633508,71.75146484,0.00000000
349,4158767,-0.09187347,73.21630859,0.00000000
350,4160804,0.06395958,72.48388672,0.00000000
351,4162844,0.09903451,70.46972656,0.00000000
352,4164827,0.22713701,66.31933594,0.00000000
353,4166812,0.21370608,60.58203125,0.01259774
354,4168796,0.32729102,54.84472656,0.01773077
355,4170793,0.44903233,49.10742188,0.02365996
356,4172783,0.57826517,41.72216797,0.03040175
357,4174779,0.66156373,33.54345703,0.03751285
358,4176775,0.70652908,25.12060547,0.04466895
359,4178771,0.83457281,15.11083984,0.05251511
360,4180768,0.80132474,4.30761719,0.05965366
361,4182770,0.83243661,-7.96044922,0.06658384
362,4184767,0.72720075,-18.09228516,0.07222900
363,4186769,0.65676314,-28.22412109,0.07689193
364,4188766,0.61102464,-36.52490234,0.08085070
365,4190769,0.51579399,-43.29980469,0.08374827
366,4192765,0.43543624,-48.97607422,0.08575130
367,4194767,0.60982043,-53.37060547,0.08906631
368,4196769,0.66596296,-58.43652344,0.09265705
369,4198766,0.80062421,-66.43212891,0.09708607
370,4200768,0.77706106,-73.02392578,0.10106782
371,4202765,0.79326052,-84.62060547,0.10475618
372,4204768,0.71144662,-94.87451172,0.10738932
373,4206770,0.51227470,-108.66845703,0.10784852
374,4208766,0.45910093,-122.64550781,0.10738112
375,4210764,0.14756539,-134.18115234,0.10391293
376,4212763,-0.34857304,-141.62744141,0.09604114
377,4214762,-0.40264270,-149.25683594,0.08751032
378,4216761,-0.51067201,-152.73583984,0.07801531
379,4218761,-0.54700851,-155.36035156,0.06819234
380,4220761,-0.64371711,-155.11621094,0.05763592
381,4222761,-0.67744182,-155.60449219,0.04685907
382,4224762,-0.63832919,-154.01757812,0.03654387
383,4226762,-0.57341422,-151.02685547,0.02694972
384,4228764,-0.51343245,-148.15820312,0.01802828
385,4230766,-0.74243497,-144.61816406,0.00000000
386,4232769,-0.77535382,-140.10156250,0.00000000
387,4234767,-1.02808623,-135.76806641,-0.01591551
388,4236769,-0.87903160,-129.90869141,-0.02695685
389,4238770,-0.93476499,-115.26025391,-0.03788691
390,4240767,-0.89002853,-102.93115234,-0.04793786
391,4242769,-0.91538317,-79.43261719,-0.05731238
392,4244766,-0.92621594,-57.03271484,-0.06594442
393,4246769,-0.87159232,-34.20556641,-0.07327050
394,4248769,-0.74009257,-11.68359375,-0.07867224
395,4250767,-0.55828332,6.56591797,-0.08189105
396,4252771,-0.57161926,22.86230469,-0.08464002
397,4254769,-0.49942355,33.66552734,-0.08639432
398,4256766,-0.43273477,41.11181641,-0.08733350
399,4258774,-0.19303329,44.65185547,-0.08614992
400,4260837,-0.42876310,48.74121094,-0.08677940
401,4262869,-0.58038689,51.06054688,-0.08854903
402,4264843,-0.53939743,57.22509766,-0.08978210
403,4266831,-0.50866324,66.99072266,-0.09049223
404,4268827,-0.48002182,74.55908203,-0.09068630
405,4270817,-0.46137357,84.01953125,-0.09038959
406,4272795,-0.44028713,91.95410156,-0.08966486
407,4274788,-0.21783964,98.79003906,-0.08688867
408,4276770,-0.04808352,103.24560547,-0.08254430
409,4278767,-0.00902006,105.19873047,-0.07786842
410,4280766,-0.13214492,105.56494141,-0.07420707
411,4282765,0.07994293,103.79492188,-0.06887369
412,4284764,0.28122231,101.23144531,-0.06200070
413,4286763,0.14511654,98.48486328,-0.05640305
414,4288766,0.09226926,94.57861328,-0.05142173
415,4290765,0.06070092,92.19824219,-0.04681594
416,4292764,0.22846786,88.35302734,-0.04099677
417,4294763,0.36437409,84.14160156,-0.03424135
418,4296764,0.26358596,80.47949219,-0.02849657
419,4298766,0.26072204,76.08496094,-0.02296866
420,4300765,0.22859961,72.23974609,-0.01787766
421,4302764,0.32433616,67.66210938,-0.01219568
422,4304763,0.32308828,62.16894531,0.00000000
423,4306763,0.22671271,56.85888672,0.00000000
424,4308763,0.12951816,51.91503906,0.00000000
425,4310763,0.14339333,48.13085938,0.00000000
426,4312766,0.40790979,43.91943359,0.00000000
427,4314769,0.45262595,38.91455078,0.01538145
428,4316766,0.59377578,32.68896484,0.02183794
429,4318768,0.67466822,23.83886719,0.02860616
430,4320770,0.57266042,14.07324219,0.03415392
431,4322767,0.62271316,2.35449219,0.03967125
432,4324770,0.56606778,-8.75390625,0.04430054
433,4326766,0.42372679,-20.77783203,0.04731224
434,4328765,0.22826141,-31.58105469,0.04832303
435,4330764,-0.12191081,-39.51562500,0.04617083
436,4332763,-0.30930420,-45.19189453,0.04229595
437,4334762,-0.40374155,-48.06054688,0.03757150
438,4336758,-0.34264110,-49.58642578,0.03332822
439,4338758,-0.31303623,-48.54882812,0.02939484
440,4340758,-0.35043679,-46.65673828,0.02524426
441,4342762,-0.49865929,-44.21533203,0.01998853
442,4344762,-0.56692680,-41.83496094,0.01428760
443,4346761,-0.53774308,-38.96630859,0.00000000
444,4348763,-0.59253275,-34.57177734,0.00000000
445,4350767,-0.67452092,-28.52929688,0.00000000
446,4352770,-0.67247775,-20.41162109,0.00000000
447,4354767,-0.66518651,-14.06396484,-0.01367114
448,4356770,-0.58586518,-6.67871094,-0.01809350
449,4358774,-0.49758661,-0.14794922,-0.02153842
450,4360824,-0.42711222,6.32177734,-0.02415934
451,4362871,-0.48780429,10.47216797,-0.02710293
452,4364840,-0.35789666,13.70703125,-0.02885343
453,4366823,-0.40945273,16.69775391,-0.03094939
454,4368816,-0.47045495,19.68847656,-0.03342328
455,4370806,-0.47392167,22.74023438,-0.03580117
456,4372795,-0.49188709,27.62304688,-0.03814776
457,4374792,-0.51504254,32.26171875,-0.04051184
458,4376788,-0.51393026,38.12109375,-0.04264726
459,4378778,-0.51009890,45.14013672,-0.04449903
460,4380775,-0.46435236,50.93847656,-0.04577558
461,4382771,-0.43883684,58.32373047,-0.04657733
462,4384764,-0.36939593,65.09863281,-0.04657926
463,4386763,-0.34364264,70.95800781,-0.04617950
464,4388765,-0.37069401,75.65771484,-0.04583742
465,4390764,-0.17928301,79.74707031,-0.04379484
466,4392763,-0.13932698,83.83642578,-0.04130870
467,4394763,-0.14648341,85.30126953,-0.03885204
468,4396762,-0.13297146,85.85058594,-0.03628633
469,4398759,-0.08359180,85.91162109,-0.03334205
470,4400757,0.11677531,84.93505859,-0.02882482
471,4402757,0.03772239,84.62988281,-0.02499778
472,4404758,0.02242538,81.76123047,-0.02141961
473,4406758,0.04568142,80.17431641,-0.01773397
474,4408761,0.23096045,76.57324219,-0.01269657
475,4410757,0.28731349,73.09423828,0.00000000
476,4412758,0.18692478,68.76074219,0.00000000
477,4414758,0.13637310,64.06103516,0.00000000
478,4416758,0.23663967,57.89648438,0.00000000
479,4418757,0.38661175,50.32812500,0.01022673
480,4420757,0.39072949,44.04150391,0.01523136
481,4422761,0.46082906,37.93798828,0.02055832
482,4424761,0.51343040,30.67480469,0.02602929
483,4426761,0.51888859,23.04541016,0.03124097
484,4428761,0.74803537,12.79150391,0.03792126
485,4430761,0.63149797,4.67382812,0.04333299
486,4432761,0.47089112,-6.31250000,0.04702867
487,4434757,0.29660195,-15.28466797,0.04897852
488,4436758,0.08177411,-22.36474609,0.04893197
489,4438758,-0.06352301,-27.79687500,0.04752122
490,4440758,-0.21906560,-29.68896484,0.04479578
491,4442758,-0.05023688,-29.68896484,0.04345452
492,4444759,-0.15065859,-30.97070312,0.04126579
493,4446759,-0.08473149,-31.15380859,0.03961880
494,4448759,0.03070232,-31.94726562,0.03888933
495,4450759,-0.13906707,-33.10693359,0.03675329
496,4452760,-0.03013293,-37.86767578,0.03534738
497,4454758,-0.01760531,-43.11669922,0.03387107
498,4456759,-0.00068581,-49.83056641,0.03231227
499,4458762,-0.06311428,-54.34716797,0.03010320
500,4460834,-0.19952293,-57.88720703,0.02668349
501,4462877,-0.27056632,-61.42724609,0.02253697
502,4464861,-0.22275608,-62.03759766,0.01880711
503,4466845,-0.22491477,-61.12207031,0.01516757
504,4468833,-0.19752539,-60.63378906,0.01179078
505,4470816,-0.31180798,-59.90136719,0.00000000
506,4472802,-0.31791407,-60.69482422,0.00000000
507,4474791,-0.41169524,-58.80273438,0.00000000
508,4476777,-0.49622285,-57.21582031,0.00000000
509,4478777,-0.67167323,-51.47851562,-0.01399943
510,4480774,-0.80514580,-43.29980469,-0.02148787
511,4482770,-0.76407625,-31.52001953,-0.02818889
512,4484767,-0.67810647,-17.35986328,-0.03366612
513,4486770,-0.69255835,-2.40625000,-0.03870935
514,4488771,-0.70082094,11.44873047,-0.04330825
515,4490768,-0.60730726,25.42578125,-0.04664492
516,4492767,-0.34611066,36.04589844,-0.04749862
517,4494766,-0.32758002,43.06494141,-0.04795779
518,4496765,-0.33286609,47.52050781,-0.04830516
519,4498772,-0.46818840,51.36572266,-0.04960856
520,4500769,-0.49690132,57.34716797,-0.05092284
521,4502766,-0.47274001,65.03759766,-0.05178514
522,4504769,-0.51093126,74.25390625,-0.05263679
523,4506766,-0.45931751,83.47021484,-0.05274677
524,4508768,-0.38678161,91.89306641,-0.05199869
525,4510767,-0.08398604,97.32519531,-0.04863382
526,4512766,-0.07633256,100.43798828,-0.04513295
527,4514765,-0.10019213,101.23144531,-0.04182457
528,4516763,0.01043870,100.37695312,-0.03768608
529,4518766,0.08746149,100.37695312,-0.03296633
530,4520765,0.16154834,97.99658203,-0.02776005
531,4522763,0.13896497,95.25000000,-0.02287577
532,4524762,0.23804524,91.58789062,-0.01736275
533,4526758,0.32486681,87.68164062,-0.01132796
534,4528758,0.30532049,83.65332031,0.00000000
535,4530762,0.43067310,77.48876953,0.00000000
536,4532761,0.64591098,69.92041016,0.00000000
537,4534761,0.77231671,60.64306641,0.01717575
538,4536761,0.78733449,51.12158203,0.02540922
539,4538761,0.83305652,38.54833984,0.03351955
540,4540761,0.68459462,27.25683594,0.04000053
541,4542761,0.68383884,13.27978516,0.04595017
542,4544761,0.67553072,0.21826172,0.05134395
543,4546761,0.55571136,-10.21875000,0.05538582
544,4548757,0.26547992,-19.06884766,0.05677842
545,4550758,-0.02459011,-25.41650391,0.05562782
546,4552758,0.21323121,-28.83447266,0.05626473
547,4554758,0.05643232,-29.93310547,0.05560980
548,4556758,0.29122453,-32.49658203,0.05674518
549,4558768,0.56399428,-35.30419922,0.05995464
550,4560807,0.52702409,-40.49218750,0.06266445
551,4562844,0.55644989,-51.05126953,0.06521213
552,4564832,0.43653425,-60.08447266,0.06647703
553,4566816,0.19879795,-71.31494141,0.06549312
554,4568801,-0.05980627,-79.49365234,0.06217970
555,4570791,-0.24868776,-85.47509766,0.05717894
556,4572772,-0.38673162,-87.85546875,0.05102522
557,4574765,-0.28958919,-88.40478516,0.04568115
558,4576763,-0.29425572,-89.13720703,0.04029631
559,4578763,-0.17810545,-89.13720703,0.03586747
560,4580762,-0.41936915,-87.48925781,0.02960550
561,4582757,-0.40002713,-86.20751953,0.02358485
562,4584758,-0.27905370,-86.08544922,0.01857789
563,4586758,-0.34081865,-84.55957031,0.01316108
564,4588761,-0.29172093,-83.21679688,0.00000000
565,4590762,-0.53239965,-80.77539062,0.00000000
566,4592761,-0.64461654,-79.24951172,0.00000000
567,4594761,-0.62814922,-74.67187500,-0.01324331
568,4596761,-0.77123020,-68.87353516,-0.02132386
569,4598762,-0.78484408,-57.09375000,-0.02905241
570,4600761,-0.74689985,-44.52050781,-0.03599475
571,4602761,-0.69568436,-28.10205078,-0.04191779
572,4604761,-0.77381957,-11.37841797,-0.04784629
573,4606762,-0.83704856,6.74902344,-0.05361395
574,4608763,-0.66115986,24.69335938,-0.05733082
575,4610763,-0.41823540,39.76904297,-0.05857707
576,4612767,-0.49531439,51.60986328,-0.06002193
577,4614769,-0.52441536,58.56787109,-0.06144885
578,4616767,-0.64967173,66.44140625,-0.06359373
579,4618775,-0.56101969,74.31494141,-0.06476172
580,4620768,-0.40206343,81.63916016,-0.06439948
581,4622771,-0.52435221,91.83203125,-0.06468465
582,4624768,-0.46575605,99.27832031,-0.06423531
583,4626767,-0.35064646,107.33496094,-0.06261599
584,4628770,-0.14231526,113.07226562,-0.05916291
585,4630763,0.03815344,115.94091797,-0.05419914
586,4632763,-0.09961696,117.71093750,-0.05032452
587,4634762,0.00213782,117.64990234,-0.04566486
588,4636757,0.08293876,116.91748047,-0.04042904
589,4638760,0.31987565,114.84228516,-0.03343514
590,4640758,0.28185939,112.21777344,-0.02686637
591,4642758,0.15101723,109.04394531,-0.02150016
592,4644762,0.40978277,105.50390625,-0.01424688
593,4646761,0.65287695,99.76660156,0.00000000
594,4648761,0.67705264,92.99169922,0.00000000
595,4650761,0.57320672,84.38574219,0.01115931
596,4652761,0.64636862,76.02392578,0.01904182
597,4654761,0.76903104,67.05175781,0.02753229
598,4656761,0.83238860,56.18750000,0.03609188
599,4658765,0.87891437,41.96630859,0.04447173
600,4660813,0.75638255,29.75927734,0.05141385
601,4662857,0.81963789,15.96533203,0.05834955
602,4664845,0.74981483,1.25585938,0.06416866
603,4666832,0.71474891,-10.89013672,0.06924909
604,4668820,0.49160183,-20.71679688,0.07219899
605,4670794,0.08624712,-27.91894531,0.07168384
606,4672780,0.15569188,-32.06933594,0.07158356
607,4674773,0.23966107,-33.47314453,0.07209548
608,4676766,0.29171676,-36.70800781,0.07290180
609,4678765,0.28494110,-37.62353516,0.07362046
610,4680768,0.66413361,-41.83496094,0.07717893
611,4682771,0.62107010,-44.09326172,0.08029768
612,4684768,0.68359511,-50.25781250,0.08368020
613,4686767,0.31273807,-56.66650391,0.08390367
614,4688766,0.25866143,-60.32861328,0.08357444
615,4690765,0.28619805,-62.64794922,0.08338815
616,4692764,0.26202262,-65.63867188,0.08291163
617,4694763,0.17385101,-69.42285156,0.08161616
618,4696763,0.04737775,-72.04736328,0.07924646
619,4698763,-0.07272749,-78.15087891,0.07573591
620,4700763,0.14046580,-87.73339844,0.07359810
621,4702763,0.17687269,-98.41455078,0.07139690
622,4704750,-0.01600000,-106.10498047,0.06743062
623,4706752,-0.33456743,-110.74365234,0.06084936
624,4708762,-0.57937984,-116.05371094,0.05217621
625,4710762,-0.55861698,-118.67822266,0.04361915
626,4712757,-0.35411463,-117.88476562,0.03677520
627,4714762,-0.47957521,-115.38232422,0.02908998
628,4716761,-0.56542525,-110.92675781,0.02091676
629,4718763,-0.56931916,-107.56982422,0.01289492
630,4720767,-0.65215850,-103.72460938,0.00000000
631,4722769,-0.64982740,-98.78076172,0.00000000
632,4724766,-0.67678070,-91.15136719,-0.01198078
633,4726769,-0.79194457,-82.05712891,-0.02064782
634,4728770,-0.98134275,-66.92041016,-0.03022892
635,4730767,-0.74091661,-51.60058594,-0.03732925
636,4732770,-0.73321767,-33.53417969,-0.04369697
637,4734767,-0.85028057,-16.20019531,-0.05034669
638,4736769,-0.86018186,2.53759766,-0.05638621
639,4738771,-0.72781966,20.54296875,-0.06072702
640,4740768,-0.46939079,35.37451172,-0.06250242
641,4742771,-0.43796881,46.48291016,-0.06364263
642,4744764,-0.39099468,52.58642578,-0.06419409
643,4746763,-0.27270870,57.95751953,-0.06364291
644,4748767,0.03005592,60.15478516,-0.06064248
645,4750766,0.05546556,62.53515625,-0.05737678
646,4752765,-0.04739818,63.20654297,-0.05492329
647,4754764,-0.13137203,64.42724609,-0.05310526
648,4756764,-0.04214688,66.44140625,-0.05053344
649,4758772,0.02114743,68.51660156,-0.04741371
650,4760819,0.01224103,68.69970703,-0.04436674
651,4762872,-0.15465175,69.55419922,-0.04257323
652,4764841,-0.15255693,69.79833984,-0.04076670
653,4766826,-0.06468752,69.79833984,-0.03839148
654,4768816,-0.05491853,68.69970703,-0.03597814
655,4770801,-0.13550468,68.69970703,-0.03420766
656,4772791,-0.17488223,68.08935547,-0.03278960
657,4774772,-0.08946645,66.80761719,-0.03075347
658,4776765,0.13436725,64.06103516,-0.02708553
659,4778767,0.03937718,61.80273438,-0.02425101
660,4780765,-0.06550991,59.42236328,-0.02233071
661,4782764,0.08615658,54.60058594,-0.01941007
662,4784763,0.10543501,51.12158203,-0.01647906
663,4786763,0.19425230,48.00878906,-0.01298177
664,4788762,0.11656628,45.38427734,-0.01020637
665,4790757,0.16134877,43.12597656,0.00000000
666,4792758,0.26295394,40.19628906,0.00000000
667,4794758,0.36288511,36.77832031,0.00000000
668,4796761,0.45966653,33.78759766,0.00000000
669,4798761,0.72666375,27.43994141,0.01262028
670,4800761,0.71870249,20.84814453,0.01908701
671,4802761,0.66889801,11.63183594,0.02480565
672,4804761,0.61845725,1.86621094,0.02975730
673,4806762,0.62604642,-7.16699219,0.03442600
674,4808761,0.63839584,-16.68847656,0.03883417
675,4810758,0.39335992,-24.62304688,0.04102850
676,4812758,0.28739107,-31.39794922,0.04215016
677,4814758,0.03286818,-34.63281250,0.04116523
678,4816758,0.25059459,-38.72216797,0.04174686
679,4818759,0.31235704,-41.89599609,0.04269961
680,4820759,0.12342883,-47.87744141,0.04196697
681,4822758,0.09854776,-54.83544922,0.04080720
682,4824758,0.24427432,-62.83105469,0.04051853
683,4826758,0.30747347,-70.82666016,0.04045206
684,4828758,0.18381316,-76.31982422,0.03923400
685,4830758,-0.00183908,-81.93505859,0.03638474
686,4832759,-0.02671690,-85.65820312,0.03323427
687,4834759,-0.02109089,-87.24511719,0.03009514
688,4836760,-0.15439868,-88.34375000,0.02590323
689,4838758,-0.38438467,-88.46582031,0.01994328
690,4840758,-0.41800326,-87.12304688,0.01381076
691,4842758,-0.32739992,-85.29199219,0.00000000
692,4844758,-0.31067276,-81.62988281,0.00000000
693,4846758,-0.36098491,-78.94433594,0.00000000
694,4848766,-0.53540056,-74.61083984,0.00000000
695,4850769,-0.55749298,-69.97216797,-0.01475320
696,4852767,-0.55703312,-64.35693359,-0.02095487
697,4854770,-0.63617762,-58.13134766,-0.02751293
698,4856766,-0.76400579,-50.68505859,-0.03477085
699,4858779,-0.86025166,-38.41699219,-0.04230431
700,4860836,-0.78129288,-27.79687500,-0.04881930
701,4862869,-0.69612525,-14.24707031,-0.05416348
702,4864842,-0.70893597,-0.57519531,-0.05909332
703,4866829,-0.74961286,11.75390625,-0.06389505
704,4868821,-0.57402994,22.06884766,-0.06694328
705,4870794,-0.26907675,27.37890625,-0.06741575
706,4872780,-0.11447370,32.75000000,-0.06651106
707,4874773,-0.14435224,34.52001953,-0.06577686
708,4876766,-0.30739221,35.25244141,-0.06628855
709,4878768,-0.23613785,35.06933594,-0.06625227
710,4880767,-0.24100126,35.19140625,-0.06624563
711,4882766,-0.15184234,35.55761719,-0.06553800
712,4884765,-0.41082767,37.69384766,-0.06677749
713,4886768,-0.43384461,41.66113281,-0.06805440
714,4888771,-0.39871568,46.23876953,-0.06889194
715,4890768,-0.42913072,55.02783203,-0.06966008
716,4892771,-0.50288108,62.90136719,-0.07073534
717,4894764,-0.37368417,70.22558594,-0.07054354
718,4896767,-0.47133155,79.07568359,-0.07082464
719,4898770,-0.23963710,86.15576172,-0.06904886
720,4900763,-0.17762436,91.09960938,-0.06663616
721,4902762,-0.26057531,95.43310547,-0.06475554
722,4904761,-0.14588976,97.63037109,-0.06191497
723,4906758,-0.16188194,99.21728516,-0.05916715
724,4908761,-0.09966500,100.62109375,-0.05591740
725,4910758,0.03982200,100.01074219,-0.05161663
726,4912759,-0.02664487,100.31591797,-0.04786440
727,4914759,0.09469691,98.60693359,-0.04325042
728,4916759,0.10821289,96.71484375,-0.03863243
729,4918762,0.07401167,94.45654297,-0.03439182
730,4920757,0.08570182,92.19824219,-0.03016654
731,4922757,0.17000059,89.02441406,-0.02544039
732,4924758,0.29803440,85.66748047,-0.01986047
733,4926758,0.15429233,82.49365234,-0.01554482
734,4928761,0.08601864,79.13671875,-0.01190622
735,4930758,0.29194416,74.25390625,0.00000000
736,4932762,0.42080107,69.49316406,0.00000000
737,4934757,0.37585778,65.15966797,0.00000000
738,4936757,0.21501413,59.72753906,0.00000000
739,4938757,0.20208700,54.53955078,0.01164071
740,4940758,0.31463218,50.26708984,0.01586814
741,4942762,0.46920024,47.03222656,0.02115538
742,4944761,0.42036976,42.21044922,0.02586516
743,4946761,0.59672334,37.87695312,0.03175837
744,4948761,0.70446343,28.66064453,0.03813194
745,4950761,0.67450089,19.26123047,0.04390862
746,4952761,0.67152577,7.72558594,0.04922767
747,4954762,0.52416188,-2.83349609,0.05300714
748,4956762,0.45965237,-14.36914062,0.05586531
749,4958762,0.29842728,-24.37890625,0.05711128
750,4960828,-0.00132353,-31.15380859,0.05579242
751,4962874,-0.10185127,-35.54833984,0.05352019
752,4964844,-0.10151765,-37.19628906,0.05121756
753,4966827,0.10928083,-41.71289062,0.05045096
754,4968812,0.02411134,-42.07910156,0.04901040
755,4970797,0.18233296,-47.51123047,0.04861850
756,4972789,0.17399965,-53.37060547,0.04796587
757,4974771,0.31457553,-61.61035156,0.04811973
758,4976764,0.20667251,-68.50732422,0.04721464
759,4978763,-0.06024802,-73.14599609,0.04407975
760,4980763,-0.22175136,-78.39501953,0.03952718
761,4982763,-0.34034020,-78.88330078,0.03406943
762,4984763,-0.20185934,-79.12744141,0.02971226
763,4986763,-0.22031527,-77.35742188,0.02530367
764,4988766,-0.35472265,-75.89257812,0.01993677
765,4990765,-0.37215027,-75.83154297,0.01446932
766,4992764,-0.42433946,-74.54980469,0.00000000
767,4994767,-0.49418934,-71.55908203,0.00000000
768,4996771,-0.65613618,-67.34765625,0.00000000
769,4998772,-0.76826080,-58.55859375,-0.01253369
770,5000768,-0.86976775,-48.97607422,-0.02071097
771,5002771,-0.80500727,-33.47314453,-0.02779823
772,5004768,-0.74087622,-17.84814453,-0.03380823
773,5006771,-0.78672845,-0.02587891,-0.03952036
774,5008771,-0.77603938,16.45361328,-0.04454566
775,5010770,-0.52389433,30.79687500,-0.04709681
776,5012763,-0.40908923,42.45458984,-0.04834698
777,5014762,-0.32723426,49.77880859,-0.04871126
778,5016762,-0.60326621,54.72265625,-0.05103450
779,5018764,-0.63285663,62.41308594,-0.05330992
780,5020767,-0.48955781,65.64794922,-0.05435412
781,5022769,-0.45093389,74.80322266,-0.05478118
782,5024762,-0.37733955,81.63916016,-0.05440521
783,5026758,-0.39548186,89.81787109,-0.05390978
784,5028761,-0.30282906,96.40966797,-0.05247316
785,5030758,-0.10929961,101.71972656,-0.04935970
786,5032758,-0.04194433,105.68701172,-0.04562609
787,5034758,0.00638156,107.57910156,-0.04147495
788,5036758,0.04771780,108.86083984,-0.03699140
789,5038761,0.11074789,108.06738281,-0.03208158
790,5040758,0.19706143,106.54150391,-0.02658777
791,5042758,0.14900402,104.52734375,-0.02158697
792,5044758,0.23235072,102.20800781,-0.01605300
793,5046762,0.41150416,98.54589844,0.00000000
794,5048762,0.57058321,94.09033203,0.00000000
795,5050762,0.54747355,87.31542969,0.00000000
796,5052761,0.60778104,79.74707031,0.01328391
797,5054761,0.65306458,71.38525391,0.02076868
798,5056761,0.82185224,59.11718750,0.02908457
799,5058765,0.85057631,45.62841797,0.03710448
800,5060808,0.79792379,33.23828125,0.04424410
801,5062855,0.76786175,19.32226562,0.05064038
802,5064842,0.72044360,5.10107422,0.05612901
803,5066829,0.72858958,-7.28906250,0.06121432
804,5068819,0.58231528,-17.23779297,0.06479862
805,5070786,0.28616382,-24.98925781,0.06580914
806,5072762,0.13000831,-30.29931641,0.06543656
807,5074758,0.29967216,-31.94726562,0.06631746
808,5076759,0.35195609,-35.73144531,0.06745803
809,5078763,0.55286290,-36.28076172,0.07012337
810,5080767,0.73157582,-43.60498047,0.07389920
811,5082769,0.70630689,-51.90576172,0.07717330
812,5084766,0.72215421,-62.89208984,0.08017434
813,5086769,0.57622690,-75.22119141,0.08161504
814,5088762,0.38882477,-84.31542969,0.08128409
815,5090758,0.31406988,-93.71484375,0.08007459
816,5092758,0.08194872,-99.57421875,0.07687906
817,5094759,-0.12938157,-105.12841797,0.07187966
818,5096759,-0.21375171,-107.38671875,0.06618697
819,5098760,-0.21101338,-107.50878906,0.06055089
820,5100760,-0.23370677,-107.87500000,0.05476653
821,5102759,-0.18055305,-108.24121094,0.04942147
822,5104759,-0.26769275,-107.99707031,0.04345070
823,5106759,-0.23618622,-107.26464844,0.03778780
824,5108760,-0.39715048,-106.10498047,0.03096527
825,5110763,-0.45159966,-103.90771484,0.02384340
826,5112763,-0.35206420,-102.01562500,0.01759872
827,5114763,-0.32972992,-98.47558594,0.01169461
828,5116767,-0.44877973,-95.54589844,0.00000000
829,5118774,-0.52781263,-91.70068359,0.00000000
830,5120771,-0.56167805,-87.24511719,0.00000000
831,5122767,-0.69061981,-82.24023438,-0.01722144
832,5124770,-0.65184531,-74.18359375,-0.02453314
833,5126767,-0.79632630,-66.49316406,-0.03265351
834,5128774,-0.82473264,-51.84472656,-0.04042917
835,5130771,-0.72078778,-40.06494141,-0.04695542
836,5132767,-0.71377550,-22.66992188,-0.05277989
837,5134771,-0.80861779,-6.55664062,-0.05874392
838,5136768,-0.82336334,11.08251953,-0.06417635
839,5138774,-0.64943441,28.23339844,-0.06764789
840,5140767,-0.34236627,41.05078125,-0.06828688
841,5142766,-0.33604769,51.12158203,-0.06853809
842,5144769,-0.48002050,55.33300781,-0.06974926
843,5146766,-0.48361412,60.52099609,-0.07080240
844,5148772,-0.52299623,65.40380859,-0.07199359
845,5150769,-0.52848560,69.61523438,-0.07306830
846,5152766,-0.57754353,78.40429688,-0.07422809
847,5154769,-0.53924222,85.42333984,-0.07484773
848,5156762,-0.41248102,94.09033203,-0.07418440
849,5158762,-0.24310875,101.17041016,-0.07199935
850,5160796,-0.11078725,107.33496094,-0.06857832
851,5162827,-0.18701311,111.24121094,-0.06558953
852,5164813,-0.16556929,115.26953125,-0.06233311
853,5166798,0.04386805,117.40576172,-0.05749312
854,5168788,0.11334016,118.01611328,-0.05213520
855,5170770,0.13173042,117.03955078,-0.04669591
856,5172763,0.13935306,115.39160156,-0.04130994
857,5174762,0.07370199,113.62158203,-0.03650707
858,5176758,0.12487434,112.46191406,-0.03137397
859,5178757,0.24132212,110.26464844,-0.02546555
860,5180762,0.44749415,106.35839844,-0.01813948
861,5182767,0.58102680,101.59765625,0.00000000
862,5184769,0.52124804,94.94482422,0.00000000
863,5186762,0.35841570,87.98681641,0.00000000
864,5188761,0.40062634,78.46533203,0.00000000
865,5190761,0.46790694,69.18798828,0.01503641
866,5192761,0.63134813,62.35205078,0.02198674
867,5194761,0.47462161,55.14990234,0.02743800
868,5196761,0.77645407,46.78808594,0.03488659
869,5198761,0.80236002,33.84863281,0.04204073
870,5200761,0.72348592,24.20507812,0.04821054
871,5202761,0.73923432,11.69287109,0.05403159
872,5204762,0.56821249,1.74414062,0.05815899
873,5206761,0.65854904,-8.57080078,0.06260019
874,5208761,0.51705527,-17.42089844,0.06562227
875,5210758,0.29736142,-22.85302734,0.06675035
876,5212758,0.06003033,-26.69824219,0.06591643
877,5214758,-0.06354952,-28.16308594,0.06408720
878,5216758,-0.00945088,-27.85791016,0.06269620
879,5218762,0.41076546,-28.34619141,0.06452916
880,5220758,0.32990394,-28.22412109,0.06573369
881,5222762,0.53235577,-31.09277344,0.06839361
882,5224762,0.53702155,-36.52490234,0.07088453
883,5226761,0.52992404,-42.32324219,0.07311048
884,5228761,0.61577837,-50.80712891,0.07569282
885,5230762,0.45050564,-58.43652344,0.07672927
886,5232761,0.43595130,-65.76074219,0.07739621
887,5234758,0.17946685,-74.73291016,0.07578520
888,5236758,0.19334008,-82.11816406,0.07404222
889,5238758,0.34983484,-91.27343750,0.07319662
890,5240758,0.23326969,-97.01074219,0.07126596
891,5242758,0.18996250,-104.33496094,0.06876645
892,5244758,0.06851032,-111.78125000,0.06509717
893,5246758,0.06311144,-116.17578125,0.06126265
894,5248758,0.11121783,-117.76269531,0.05777043
895,5250759,0.02458418,-116.84716797,0.05367574
896,5252758,-0.13925073,-117.70166016,0.04831990
897,5254758,-0.16704639,-117.45751953,0.04280118
898,5256759,-0.03395542,-117.27441406,0.03834857
899,5258762,-0.08861965,-115.26025391,0.03357880
900,5260833,-0.35390911,-112.63574219,0.02688737
901,5262876,-0.38384602,-108.18017578,0.02005312
902,5264860,-0.28816777,-101.34423828,0.01429103
903,5266844,-0.25326317,-95.11865234,0.00000000
904,5268832,-0.36728484,-89.93066406,0.00000000
905,5270820,-0.48959144,-84.37646484,0.00000000
906,5272799,-0.68580976,-79.37158203,-0.01100678
907,5274795,-0.63593488,-72.04736328,-0.01812652
908,5276791,-0.73946741,-64.78417969,-0.02576526
909,5278792,-0.81789201,-51.96679688,-0.03351770
910,5280782,-0.76307766,-41.83496094,-0.04045348
911,5282778,-0.78574338,-26.94238281,-0.04700099
912,5284775,-0.78132007,-12.23291016,-0.05297020
913,5286772,-0.76267910,2.17138672,-0.05826422
914,5288772,-0.59135411,15.41601562,-0.06175545
915,5290765,-0.34702421,24.75439453,-0.06302774
916,5292764,-0.29148815,31.59033203,-0.06363570
917,5294763,-0.21774395,34.15380859,-0.06358482
918,5296763,-0.23824002,37.44970703,-0.06358008
919,5298766,-0.09143940,38.67041016,-0.06240754
920,5300765,-0.12085716,42.63769531,-0.06133152
921,5302763,-0.19117949,45.99462891,-0.06069148
922,5304762,-0.24849556,50.69433594,-0.06033674
923,5306758,-0.31659231,56.73681641,-0.06029950
924,5308762,-0.25709712,62.90136719,-0.05959996
925,5310758,-0.28365542,68.15039062,-0.05892183
926,5312758,-0.39979923,72.60595703,-0.05899935
927,5314758,-0.39007106,77.61083984,-0.05882988
928,5316758,-0.29439712,79.62500000,-0.05786285
929,5318761,-0.16028703,81.76123047,-0.05580384
930,5320758,-0.11720765,83.53125000,-0.05336608
931,5322759,-0.07536131,83.28710938,-0.05064259
932,5324759,-0.03090105,82.31054688,-0.04762867
933,5326759,0.08993015,79.44189453,-0.04380975
934,5328762,0.12588562,77.36669922,-0.03981404
935,5330758,0.10618259,74.13183594,-0.03610695
936,5332758,0.04733639,70.59179688,-0.03300884
937,5334759,0.10519329,66.74658203,-0.02961627
938,5336758,0.20289531,64.18310547,-0.02558686
939,5338761,0.19845314,61.00927734,-0.02172987
940,5340757,0.11088400,58.38476562,-0.01865750
941,5342758,0.15379498,56.18750000,-0.01536065
942,5344758,0.23011345,53.13574219,-0.01160276
943,5346758,0.32803163,49.59570312,0.00000000
944,5348758,0.34723211,46.66601562,0.00000000
945,5350758,0.23312442,43.18701172,0.00000000
946,5352761,0.42574073,40.07421875,0.00000000
947,5354761,0.41633441,36.16796875,0.00000000
948,5356762,0.66343757,31.95654297,0.01584802
949,5358768,0.77238466,24.38818359,0.02257111
950,5360823,0.65830972,16.33154297,0.02810376
951,5362875,0.70038193,5.22314453,0.03354606
952,5364848,0.72239508,-5.58007812,0.03874385
953,5366835,0.59135210,-17.97021484,0.04248690
954,5368827,0.42261330,-28.89550781,0.04453581
955,5370812,0.16404526,-37.56250000,0.04429134
956,5372797,0.32301193,-44.64257812,0.04503070
957,5374794,0.44524548,-50.62402344,0.04649965
958,5376784,0.53568108,-55.26269531,0.04848681
959,5378769,0.60533713,-60.81689453,0.05081497
960,5380766,0.64735805,-68.32421875,0.05320262
961,5382769,0.62743236,-79.00537109,0.05504721
962,5384766,0.62184848,-88.28271484,0.05651458
963,5386765,0.39114257,-98.71972656,0.05585733
964,5388765,0.20629982,-106.77636719,0.05351145
965,5390764,-0.05564471,-112.87988281,0.04896695
966,5392763,-0.08513839,-116.60302734,0.04410093
967,5394763,-0.20736527,-116.84716797,0.03832499
968,5396763,-0.32172601,-117.09130859,0.03170271
969,5398762,-0.39110175,-116.17578125,0.02462776
970,5400762,-0.56014030,-114.40576172,0.01636644
971,5402762,-0.52239759,-112.51367188,0.00000000
972,5404761,-0.76302135,-106.83740234,0.00000000
973,5406761,-0.80860779,-100.97802734,-0.01047021
974,5408762,-0.88126291,-88.34375000,-0.02006402
975,5410761,-0.86096756,-74.18359375,-0.02895318
976,5412761,-0.84471466,-57.03271484,-0.03706676
977,5414762,-0.87754516,-36.70800781,-0.04467921
978,5416761,-0.87462570,-17.17675781,-0.05154851
979,5418763,-0.68864083,2.11035156,-0.05628534
980,5420766,-0.51451625,16.57568359,-0.05916047
981,5422766,-0.33061747,27.98925781,-0.06021484
982,5424765,-0.29757917,34.09277344,-0.06080361
983,5426764,-0.23965237,36.83935547,-0.06085262
984,5428767,-0.26892097,37.99902344,-0.06108809
985,5430766,-0.38306474,39.64697266,-0.06213962
986,5432769,-0.42856235,38.97558594,-0.06356252
987,5434767,-0.55289281,42.39355469,-0.06581140
988,5436766,-0.34046581,42.94287109,-0.06640765
989,5438768,-0.19674137,45.20117188,-0.06582434
990,5440767,-0.39859283,48.37500000,-0.06668159
991,5442766,-0.35257607,50.14501953,-0.06712523
992,5444765,-0.19755286,52.22021484,-0.06631136
993,5446763,-0.19054933,56.61474609,-0.06530020
994,5448767,-0.31742558,60.21582031,-0.06514609
995,5450766,-0.26834954,65.52587891,-0.06443076
996,5452765,-0.24464286,72.30078125,-0.06331509
997,5454764,-0.07523999,77.24462891,-0.06074098
998,5456763,-0.04247263,82.79882812,-0.05774382
999,5458771,-0.22822272,86.09472656,-0.05607962
1000,5460822,-0.08713013,88.53613281,-0.05324589
1001,5462866,0.00363802,90.85546875,-0.04959879
1002,5464850,0.19822566,90.67236328,-0.04450694
1003,5466834,0.18084867,90.42822266,-0.03968141
1004,5468822,0.11538236,88.35302734,-0.03546236
1005,5470796,0.22173118,85.24023438,-0.03056122
1006,5472789,0.22991255,81.82226562,-0.02576730
1007,5474771,0.29147396,77.18359375,-0.02066777
1008,5476763,0.22066093,73.09423828,-0.01630128
1009,5478764,0.29037108,66.86865234,-0.01163140
1010,5480768,0.45220509,59.17822266,0.00000000
1011,5482771,0.47137653,50.63330078,0.00000000
1012,5484764,0.34560940,42.82080078,0.00000000
1013,5486763,0.25628561,35.80175781,0.00000000
1014,5488763,0.29434568,29.39306641,0.01007435
1015,5490762,0.36402700,24.44921875,0.01368004
1016,5492762,0.35028825,20.54296875,0.01702268
1017,5494761,0.47070700,16.69775391,0.02113372
1018,5496762,0.46099634,13.15771484,0.02502330
1019,5498762,0.56304092,7.17626953,0.02946442
1020,5500761,0.47514471,1.37792969,0.03300593
1021,5502762,0.44918350,-6.12939453,0.03606861
1022,5504761,0.41402536,-12.66015625,0.03861911
1023,5506757,0.24715777,-19.06884766,0.03965676
1024,5508759,0.11777187,-25.78271484,0.03946820
1025,5510759,-0.13318943,-29.56689453,0.03722828
1026,5512759,-0.11226750,-32.49658203,0.03506222
1027,5514759,-0.06878769,-33.04589844,0.03322488
1028,5516758,0.10284581,-35.42626953,0.03263097
1029,5518759,0.12849964,-35.36523438,0.03224113
1030,5520759,0.08669739,-37.13525391,0.03147513
1031,5522759,0.26844289,-42.44531250,0.03192264
1032,5524760,0.18603922,-47.75537109,0.03155591
1033,5526758,0.21319602,-55.68994141,0.03112681
1034,5528758,-0.03503434,-60.87792969,0.02862734
1035,5530759,-0.23694956,-65.76074219,0.02442982
1036,5532759,-0.31728261,-68.87353516,0.01953802
1037,5534759,-0.23293113,-70.21630859,0.01527772
1038,5536759,-0.18047470,-69.85009766,0.01146042
1039,5538762,-0.24491515,-68.56835938,0.00000000
1040,5540758,-0.34452564,-68.01904297,0.00000000
1041,5542759,-0.35466089,-67.53076172,0.00000000
1042,5544763,-0.50033728,-65.76074219,0.00000000
1043,5546766,-0.65288157,-63.44140625,-0.01577309
1044,5548772,-0.68086242,-56.54443359,-0.02275887
1045,5550768,-0.82389441,-48.30468750,-0.03051277
1046,5552771,-0.79009745,-36.09765625,-0.03753102
1047,5554768,-0.81439407,-22.66992188,-0.04423157
1048,5556771,-0.74389967,-8.75390625,-0.04987040
1049,5558778,-0.68712511,5.40625000,-0.05455248
1050,5560838,-0.54221260,18.46777344,-0.05764395
1051,5562874,-0.47328066,28.84375000,-0.05981268
1052,5564847,-0.54389950,36.65625000,-0.06224579
1053,5566834,-0.58255893,42.33251953,-0.06480683
1054,5568826,-0.68076976,51.06054688,-0.06779736
1055,5570815,-0.67588531,57.53027344,-0.07051038
1056,5572805,-0.54862158,68.02832031,-0.07187962
1057,5574794,-0.51289357,79.13671875,-0.07258737
1058,5576785,-0.46043016,89.32958984,-0.07254546
1059,5578770,-0.40649895,99.09521484,-0.07175767
1060,5580763,-0.25218205,106.48046875,-0.06955673
1061,5582763,-0.14489296,112.40087891,-0.06633795
1062,5584762,-0.16702544,116.24609375,-0.06316602
1063,5586763,-0.06516447,119.78613281,-0.05912029
1064,5588767,0.06437791,122.47167969,-0.05401973
1065,5590766,0.14566063,122.89892578,-0.04831147
1066,5592766,0.11623781,121.37304688,-0.04293224
1067,5594764,0.06389679,119.72509766,-0.03804709
1068,5596763,0.09649900,118.93164062,-0.03297988
1069,5598767,0.26169421,115.63574219,-0.02679781
1070,5600765,0.37620567,111.79052734,-0.01990616
1071,5602764,0.35206888,107.15185547,-0.01341763
1072,5604767,0.42152108,99.70556641,0.00000000
1073,5606770,0.55025174,90.97753906,0.00000000
1074,5608767,0.52053556,82.73779297,0.00000000
1075,5610770,0.48632782,75.29150391,0.01370181
1076,5612768,0.56071448,68.76074219,0.02024353
1077,5614771,0.72227674,60.64306641,0.02769156
1078,5616768,0.74850425,52.70849609,0.03502512
1079,5618770,0.80463356,39.95214844,0.04229651
1080,5620767,0.57004594,29.57617188,0.04737383
1081,5622770,0.58975655,18.40673828,0.05218250
1082,5624767,0.68096104,7.66455078,0.05728995
1083,5626770,0.66215347,-2.16210938,0.06188352
1084,5628768,0.47075516,-11.25634766,0.06467212
1085,5630767,0.14786347,-18.51953125,0.06472595
1086,5632769,0.43867058,-23.09716797,0.06684605
1087,5634762,0.37472625,-25.53857422,0.06838089
1088,5636761,0.63156380,-29.99414062,0.07172274
1089,5638762,0.77707231,-35.54833984,0.07596523
1090,5640761,0.67425755,-43.66601562,0.07911822
1091,5642761,0.61034533,-55.87304688,0.08134599
1092,5644758,0.36348612,-65.51660156,0.08134356
1093,5646758,0.33480549,-77.66259766,0.08071002
1094,5648758,0.23817891,-87.42822266,0.07900334
1095,5650759,0.03340621,-95.42382812,0.07547135
1096,5652759,-0.15429333,-100.91699219,0.07033893
1097,5654760,-0.32593621,-102.93115234,0.06386028
1098,5656758,-0.18470796,-104.21289062,0.05845909
1099,5658762,-0.08317451,-104.82324219,0.05385606
1100,5660828,-0.19975890,-103.72460938,0.04841871
1101,5662876,-0.20552577,-103.41943359,0.04288763
1102,5664860,-0.31340326,-101.83251953,0.03665359
1103,5666845,-0.26269941,-100.61181641,0.03099836
1104,5668830,-0.33065321,-99.26904297,0.02490851
1105,5670820,-0.46116890,-96.40039062,0.01795879
1106,5672798,-0.51160451,-94.02001953,0.01074328
1107,5674795,-0.67750318,-87.48925781,0.00000000
1108,5676792,-0.81961410,-80.53125000,0.00000000
1109,5678793,-0.79861709,-65.94384766,-0.01475974
1110,5680783,-0.63943187,-52.27197266,-0.02131693
1111,5682780,-0.66053118,-35.48730469,-0.02740691
1112,5684778,-0.93210991,-18.82470703,-0.03496451
1113,5686775,-0.89183990,-0.63623047,-0.04154203
1114,5688775,-0.77254717,20.11572266,-0.04645325
1115,5690771,-0.54314425,36.53417969,-0.04901514
1116,5692768,-0.54245404,49.90087891,-0.05110059
1117,5694771,-0.81979617,59.97167969,-0.05494895
1118,5696768,-0.73447185,67.84521484,-0.05784947
1119,5698774,-0.67169407,77.61083984,-0.05992647
1120,5700772,-0.46802857,84.08056641,-0.06020374
1121,5702769,-0.42850551,95.25000000,-0.05980826
1122,5704766,-0.55611671,103.36767578,-0.06011979
1123,5706765,-0.28002753,109.41015625,-0.05811729
1124,5708769,0.01096193,115.81884766,-0.05368202
1125,5710762,0.01361015,119.66406250,-0.04911841
1126,5712764,0.01714049,120.94580078,-0.04453784
1127,5714763,-0.03080752,122.77685547,-0.04027811
1128,5716763,0.12484973,122.65478516,-0.03486940
1129,5718767,0.35088118,122.34960938,-0.02778045
1130,5720769,0.47601594,121.18994141,-0.01981536
1131,5722767,0.62501742,115.87988281,-0.01095273
1132,5724770,0.73252534,109.89843750,0.00000000
1133,5726767,0.55470772,102.26904297,0.00000000
1134,5728770,0.54766517,93.60205078,0.01351043
1135,5730768,0.51242137,84.93505859,0.02022462
1136,5732771,0.74438544,75.16943359,0.02832308
1137,5734769,0.76895079,65.52587891,0.03623060
1138,5736766,0.70771258,56.12646484,0.04329019
1139,5738768,0.86044640,41.78320312,0.05097598
1140,5740770,0.69097859,30.18652344,0.05692286
1141,5742767,0.66518584,16.69775391,0.06216972
1142,5744769,0.48933432,5.77246094,0.06566256
1143,5746766,0.39845081,-5.27490234,0.06805872
1144,5748765,0.25786044,-12.53808594,0.06911655
1145,5750765,-0.02130014,-16.81054688,0.06788759
1146,5752764,0.17200369,-18.82470703,0.06807434
1147,5754763,0.01399226,-17.90917969,0.06708531
1148,5756763,0.28468976,-21.02197266,0.06806413
1149,5758767,0.38353065,-20.83886719,0.06980039
1150,5760808,0.56279279,-23.89062500,0.07278913
1151,5762853,0.71900819,-30.90966797,0.07669557
1152,5764841,0.76361907,-42.99462891,0.08050099
1153,5766829,0.69991403,-54.95751953,0.08342385
1154,5768818,0.41640482,-65.15039062,0.08381697
1155,5770787,0.31245154,-73.39013672,0.08313182
1156,5772772,0.46374482,-81.26367188,0.08337039
1157,5774769,0.44980661,-87.30615234,0.08327567
1158,5776762,0.33405863,-91.94482422,0.08212347
1159,5778758,0.17212872,-98.04833984,0.07954224
1160,5780758,0.14068965,-102.80908203,0.07657263
1161,5782758,0.19466111,-107.26464844,0.07387805
1162,5784758,0.11846329,-109.33984375,0.07055189
1163,5786759,-0.01495819,-111.90332031,0.06614373
1164,5788759,-0.13444862,-112.45263672,0.06083415
1165,5790759,-0.14154402,-112.63574219,0.05550354
1166,5792759,0.01456391,-113.30712891,0.05138026
1167,5794759,-0.00261766,-112.26953125,0.04719254
1168,5796759,-0.21079407,-110.62158203,0.04150433
1169,5798759,-0.26799630,-109.46191406,0.03545699
1170,5800759,-0.38660273,-106.34912109,0.02865275
1171,5802760,-0.35510973,-101.28320312,0.02231009
1172,5804760,-0.27196393,-96.82763672,0.01679961
1173,5806762,-0.45646587,-90.47998047,0.01013677
1174,5808760,-0.40952742,-85.23095703,0.00000000
1175,5810758,-0.37036457,-80.59228516,0.00000000
1176,5812762,-0.58795110,-75.89257812,0.00000000
1177,5814761,-0.65165762,-69.78906250,-0.01583709
1178,5816762,-0.76342855,-61.67138672,-0.02363539
1179,5818763,-0.76221548,-49.46435547,-0.03095564
1180,5820766,-0.66411308,-36.95214844,-0.03704782
1181,5822769,-0.61730996,-22.12060547,-0.04223309
1182,5824766,-0.73915950,-7.65527344,-0.04781769
1183,5826768,-0.71804161,7.54248047,-0.05268306
1184,5828775,-0.51448803,22.00781250,-0.05546454
1185,5830768,-0.22540450,33.29931641,-0.05562990
1186,5832767,-0.17838908,40.50146484,-0.05519644
1187,5834766,-0.22806877,43.43115234,-0.05504226
1188,5836765,-0.37375710,45.87255859,-0.05592047
1189,5838768,-0.18378103,47.09326172,-0.05530397
1190,5840767,-0.26695775,48.80224609,-0.05526638
1191,5842766,-0.27861849,50.63330078,-0.05526220
1192,5844765,-0.32613429,53.31884766,-0.05553158
1193,5846763,-0.38088821,57.04199219,-0.05609259
1194,5848766,-0.26567711,60.94824219,-0.05564009
1195,5850765,-0.18933035,65.46484375,-0.05444835
1196,5852764,-0.23148290,69.73730469,-0.05344765
1197,5854763,-0.18604909,72.72802734,-0.05200562
1198,5856763,-0.14761953,76.14599609,-0.05016617
1199,5858772,-0.04352653,78.03808594,-0.04747904
1200,5860820,0.02099208,78.83154297,-0.04427738
1201,5862874,-0.00273801,79.56396484,-0.04120511
1202,5864843,0.08098056,79.13671875,-0.03752834
1203,5866827,0.03166007,79.50292969,-0.03435095
1204,5868817,0.06320653,78.89257812,-0.03095793
1205,5870790,0.14442421,77.91601562,-0.02699452
1206,5872771,0.06379369,76.75634766,-0.02373564
1207,5874764,0.13790226,75.29150391,-0.01997407
1208,5876763,0.08069460,74.07080078,-0.01670263
1209,5878763,0.17324019,71.20214844,-0.01283945
1210,5880763,0.28179502,69.12695312,0.00000000
1211,5882763,0.29039840,65.77001953,0.00000000
1212,5884763,0.34940155,61.19238281,0.00000000
1213,5886762,0.29334004,56.85888672,0.00000000
1214,5888758,0.37218898,51.48779297,0.00000000
1215,5890758,0.38803538,46.29980469,0.01422993
1216,5892762,0.42962447,41.41699219,0.01881829
1217,5894762,0.50532141,35.06933594,0.02373885
1218,5896761,0.60790668,29.20996094,0.02920755
1219,5898762,0.74802493,19.56640625,0.03537948
1220,5900762,0.62675693,10.16699219,0.04026417
1221,5902762,0.62405668,-0.81933594,0.04471955
1222,5904762,0.51103505,-10.52392578,0.04795070
1223,5906762,0.40077623,-19.49609375,0.05001166
1224,5908758,0.24063569,-26.51513672,0.05059668
1225,5910759,-0.00078060,-30.42138672,0.04920268
1226,5912758,0.22232231,-32.55761719,0.04944664
1227,5914758,0.09401708,-33.59521484,0.04867607
1228,5916758,0.37325985,-35.30419922,0.04998512
1229,5918762,0.62377369,-37.98974609,0.05311006
1230,5920761,0.64710262,-42.99462891,0.05622205
1231,5922761,0.63544330,-53.37060547,0.05887423
1232,5924761,0.59592274,-62.77001953,0.06088801
1233,5926761,0.53630349,-74.00048828,0.06204964
1234,5928757,0.32597865,-82.91162109,0.06129497
1235,5930758,0.13191177,-90.17480469,0.05882271
1236,5932759,0.07917791,-94.63037109,0.05580595
1237,5934759,0.01169146,-97.31591797,0.05220587
1238,5936759,0.04134350,-99.51318359,0.04878314
1239,5938759,0.11762274,-101.10009766,0.04591410
1240,5940760,0.03867308,-102.01562500,0.04243343
1241,5942760,0.06531841,-104.02978516,0.03911487
1242,5944758,-0.00867393,-105.12841797,0.03521899
1243,5946758,0.00959197,-106.28808594,0.03145339
1244,5948759,0.03326443,-107.44775391,0.02785332
1245,5950758,-0.05026524,-107.50878906,0.02364081
1246,5952758,0.05547547,-108.54638672,0.02023465
1247,5954759,-0.00133261,-108.54638672,0.01641754
1248,5956758,-0.07582050,-108.72949219,0.01205230
1249,5958762,-0.10064145,-108.85156250,0.00000000
1250,5960804,-0.17217686,-107.75292969,0.00000000
1251,5962838,-0.21846469,-106.22705078,0.00000000
1252,5964822,-0.19290096,-103.17529297,0.00000000
1253,5966796,-0.23206439,-99.20800781,-0.01282053
1254,5968792,-0.26923521,-96.40039062,-0.01798408
1255,5970778,-0.40419616,-92.25000000,-0.02403516
1256,5972776,-0.50100778,-89.19824219,-0.03066603
1257,5974772,-0.62196695,-83.46093750,-0.03799393
1258,5976768,-0.70691908,-77.41845703,-0.04571198
1259,5978775,-0.73868663,-66.31005859,-0.05324139
1260,5980772,-0.78824142,-53.91992188,-0.06068356
1261,5982769,-0.69117676,-39.45458984,-0.06683004
1262,5984766,-0.68763830,-24.98925781,-0.07241253
1263,5986770,-0.59580932,-11.25634766,-0.07678649
1264,5988771,-0.48767042,1.50000000,-0.07986835
1265,5990764,-0.27475309,10.28906250,-0.08100286
1266,5992762,-0.14222156,16.33154297,-0.08091297
1267,5994757,-0.32558895,19.26123047,-0.08212197
1268,5996757,-0.15298286,20.90917969,-0.08195149
1269,5998761,-0.24206374,23.28955078,-0.08237947
1270,6000757,-0.06606571,24.14404297,-0.08143190
1271,6002759,-0.12949219,28.17236328,-0.08083900
1272,6004758,-0.23885509,30.97998047,-0.08098787
1273,6006758,-0.36919443,36.04589844,-0.08195860
1274,6008761,-0.34851802,42.08837891,-0.08255875
1275,6010758,-0.41447764,47.27636719,-0.08348012
1276,6012762,-0.61760946,54.90576172,-0.08569179
1277,6014761,-0.76644316,62.90136719,-0.08874745
1278,6016761,-0.59446103,69.79833984,-0.09024365
1279,6018763,-0.50852613,76.93945312,-0.09083294
1280,6020763,-0.39014713,82.67675781,-0.09031757
1281,6022762,-0.37820202,88.71923828,-0.08951473
1282,6024757,-0.38511817,92.44238281,-0.08864645
1283,6026758,-0.17430558,92.86962891,-0.08617107
1284,6028761,-0.13319131,93.72412109,-0.08336300
1285,6030758,0.02207819,94.39550781,-0.07936512
1286,6032758,-0.09744327,93.96826172,-0.07633478
1287,6034760,-0.13836801,94.33447266,-0.07361976
1288,6036759,0.05172395,94.15136719,-0.06948133
1289,6038762,0.14854220,92.86962891,-0.06468094
1290,6040758,0.20014946,91.70996094,-0.05955381
1291,6042759,0.02307782,90.06201172,-0.05588173
1292,6044759,0.02758677,89.08544922,-0.05222822
1293,6046759,0.18515876,86.39990234,-0.04749270
1294,6048766,0.53058432,81.45605469,-0.04032339
1295,6050769,0.47986362,77.48876953,-0.03371542
1296,6052763,0.32551032,71.50732422,-0.02854117
1297,6054762,0.26177653,64.91552734,-0.02412719
1298,6056763,0.25842449,59.60546875,-0.01994516
1299,6058767,0.32842718,52.46435547,-0.01550237
1300,6060806,0.16287701,48.19189453,-0.01249269
1301,6062846,0.00271165,43.18701172,-0.01087883
1302,6064829,-0.13446138,39.15869141,-0.01047139
1303,6066815,-0.08911801,36.04589844,0.00000000
1304,6068801,0.11644370,33.17724609,0.00000000
1305,6070790,0.04772192,33.05517578,0.00000000
1306,6072772,0.05320201,31.95654297,0.00000000
1307,6074765,0.09862343,29.33203125,0.00000000
1308,6076765,0.13611888,29.02685547,0.00000000
1309,6078772,0.51272121,23.22851562,0.00000000
1310,6080769,0.51380964,18.71191406,0.00000000
1311,6082766,0.72973478,8.15283203,0.01411290
1312,6084769,0.50184749,-1.36865234,0.01779579
1313,6086762,0.36009026,-10.58496094,0.02005618
1314,6088758,0.36828848,-20.28955078,0.02203454
1315,6090759,0.35757206,-28.95654297,0.02362059
1316,6092759,0.18665192,-35.18212891,0.02367677
1317,6094759,-0.16358856,-39.39355469,0.02091660
1318,6096760,-0.31976212,-40.43115234,0.01694587
1319,6098759,-0.23616401,-40.37011719,0.01364003
1320,6100760,-0.08765027,-39.63769531,0.01151623
1321,6102758,-0.21293315,-38.05078125,0.00000000
1322,6104758,-0.27608113,-36.40283203,0.00000000
1323,6106763,-0.46740348,-33.59521484,0.00000000
1324,6108771,-0.50503892,-28.22412109,0.00000000
1325,6110769,-0.43620923,-23.76855469,0.00000000
1326,6112766,-0.45024180,-17.84814453,-0.01262631
1327,6114769,-0.58281568,-11.25634766,-0.01738505
1328,6116766,-0.56505002,-4.96972656,-0.02176384
1329,6118773,-0.47364482,0.09619141,-0.02524390
1330,6120766,-0.30836728,4.12451172,-0.02730272
1331,6122765,-0.42192267,8.21386719,-0.03007669
1332,6124769,-0.47979264,11.44873047,-0.03316461
1333,6126766,-0.57565634,13.89013672,-0.03688235
1334,6128773,-0.52336359,18.71191406,-0.04001526
1335,6130770,-0.48754053,24.20507812,-0.04266455
1336,6132767,-0.55706545,32.62792969,-0.04554400
1337,6134770,-0.64307341,41.17285156,-0.04877126
1338,6136767,-0.49942128,49.90087891,-0.05057913
1339,6138775,-0.48065317,60.21582031,-0.05188625
1340,6140768,-0.41586472,69.43212891,-0.05236336
1341,6142771,-0.46468834,77.30566406,-0.05296206
1342,6144765,-0.35094378,84.26367188,-0.05243891
1343,6146764,-0.25707205,90.91650391,-0.05099070
1344,6148766,-0.17190128,95.86035156,-0.04872953
1345,6150766,-0.20005416,98.97314453,-0.04658826
1346,6152765,-0.17856156,102.63525391,-0.04418160
1347,6154764,0.07606190,104.22216797,-0.03979666
1348,6156764,0.16222715,105.38183594,-0.03474382
1349,6158772,0.11227456,103.91699219,-0.03015858
1350,6160819,0.09577209,102.02490234,-0.02577884
1351,6162872,0.06410971,99.52246094,-0.02169950
1352,6164842,0.16544098,96.95898438,-0.01695861
1353,6166827,0.17048481,93.29687500,-0.01246861
1354,6168816,0.25285401,88.04785156,0.00000000
1355,6170806,0.42585640,81.27294922,0.00000000
1356,6172795,0.42744145,76.20703125,0.00000000
1357,6174788,0.36714547,69.73730469,0.00000000
1358,6176771,0.36864980,64.18310547,0.01416918
1359,6178764,0.38706179,58.32373047,0.01892430
1360,6180763,0.30313728,53.50195312,0.02285232
1361,6182767,0.44172508,49.96191406,0.02769542
1362,6184770,0.46032178,45.75048828,0.03250721
1363,6186767,0.61162404,41.53906250,0.03829788
1364,6188770,0.71209831,33.54345703,0.04453910
1365,6190767,0.68285707,24.20507812,0.05019952
1366,6192770,0.68439358,13.34082031,0.05546071
1367,6194767,0.59752784,2.72070312,0.05966152
1368,6196771,0.47345855,-7.83837891,0.06252631
1369,6198765,0.25719903,-16.68847656,0.06341710
1370,6200765,-0.02104057,-22.12060547,0.06199572
1371,6202765,-0.00090086,-25.29443359,0.06062516
1372,6204764,0.01268126,-26.02685547,0.05934296
1373,6206764,0.24856872,-27.97998047,0.05980299
1374,6208763,0.19451829,-29.81103516,0.05978644
1375,6210763,-0.12856159,-32.13037109,0.05722561
1376,6212763,-0.10985832,-37.07421875,0.05465276
1377,6214763,-0.00746365,-41.59082031,0.05272248
1378,6216763,0.14899465,-46.65673828,0.05182513
1379,6218762,0.12729683,-50.37988281,0.05064257
1380,6220763,0.06232232,-53.55371094,0.04886448
1381,6222763,0.18693701,-56.78857422,0.04793859
1382,6224762,0.28169858,-59.53515625,0.04765021
1383,6226757,0.37803240,-62.22070312,0.04801110
1384,6228758,0.12634489,-65.51660156,0.04634355
1385,6230758,-0.12091860,-65.94384766,0.04278318
1386,6232758,-0.10346334,-65.82177734,0.03938385
1387,6234759,-0.16470273,-63.07519531,0.03563587
1388,6236759,-0.07780396,-59.65722656,0.03269502
1389,6238759,-0.04504075,-56.91064453,0.03012005
1390,6240760,-0.07576970,-54.59130859,0.02740926
1391,6242758,-0.04179956,-54.53027344,0.02497807
1392,6244758,-0.12447063,-53.85888672,0.02195946
1393,6246758,-0.09664273,-53.55371094,0.01918277
1394,6248759,-0.05966999,-54.10302734,0.01668875
1395,6250759,-0.12300312,-53.06542969,0.01376508
1396,6252759,-0.18501663,-52.39404297,0.01041246
1397,6254760,-0.27517387,-50.92919922,0.00000000
1398,6256758,-0.31021822,-49.22021484,0.00000000
1399,6258767,-0.17468446,-48.30468750,0.00000000
1400,6260794,-0.22200364,-46.71777344,0.00000000
1401,6262827,-0.42447432,-44.33740234,0.00000000
1402,6264817,-0.46413305,-41.34667969,-0.01389376
1403,6266795,-0.53912022,-37.25732422,-0.01923970
1404,6268796,-0.59539964,-28.22412109,-0.02466491
1405,6270792,-0.53586682,-20.10644531,-0.02933440
1406,6272783,-0.64781500,-8.26562500,-0.03441972
1407,6274779,-0.65383383,3.20898438,-0.03912518
1408,6276775,-0.51707541,14.92773438,-0.04235535
1409,6278771,-0.33534361,25.85302734,-0.04380358
1410,6280765,-0.25890219,34.52001953,-0.04436243
1411,6282764,-0.38905681,40.80664062,-0.04569861
1412,6284763,-0.27190920,45.44531250,-0.04597128
1413,6286763,-0.09673546,50.02294922,-0.04474992
1414,6288767,-0.01278778,52.09814453,-0.04282531
1415,6290766,-0.08042210,55.69921875,-0.04130303
1416,6292765,-0.13054776,58.68994141,-0.04007669
1417,6294764,-0.22791412,62.59619141,-0.03946922
1418,6296763,-0.13283815,66.19726562,-0.03801901
1419,6298766,-0.10895120,69.31005859,-0.03629248
1420,6300765,-0.27953520,73.03320312,-0.03574765
1421,6302765,-0.27740747,75.59667969,-0.03511058
1422,6304764,-0.25652996,78.83154297,-0.03421081
1423,6306763,-0.22118766,78.58740234,-0.03305991
1424,6308767,-0.09560406,80.05224609,-0.03091142
1425,6310766,-0.03368096,80.41845703,-0.02828838
1426,6312765,-0.06744645,79.01464844,-0.02599961
1427,6314764,-0.00640945,76.39013672,-0.02335248
1428,6316763,0.00391560,73.76562500,-0.02073722
1429,6318767,0.04704746,70.16455078,-0.01793682
1430,6320766,0.06209866,68.08935547,-0.01510924
1431,6322766,0.04451433,66.80761719,-0.01248505
1432,6324765,0.00855391,65.52587891,-0.01019776
1433,6326764,0.03134328,65.34277344,0.00000000
1434,6328763,0.09483555,64.06103516,0.00000000
1435,6330763,0.01175583,63.81689453,0.00000000
1436,6332763,0.14516331,63.75585938,0.00000000
1437,6334763,0.26799118,61.74169922,0.00000000
1438,6336767,0.53313528,60.45996094,0.01052796
1439,6338770,0.80988886,54.47851562,0.01839414
1440,6340767,0.74196245,46.66601562,0.02542149
1441,6342770,0.58180980,35.98486328,0.03081081
1442,6344767,0.41062130,27.98925781,0.03458668
1443,6346770,0.54088643,18.77294922,0.03901315
1444,6348767,0.61901666,9.25146484,0.04368166
1445,6350766,0.38628099,2.41552734,0.04630985
1446,6352766,0.14240646,-4.11523438,0.04683587
1447,6354766,0.14318665,-6.12939453,0.04729549
1448,6356765,0.38603095,-11.25634766,0.04942953
1449,6358773,0.56002219,-14.43017578,0.05277063
1450,6360829,0.65652992,-22.91406250,0.05653151
1451,6362868,0.54502194,-32.00830078,0.05908444
1452,6364842,0.76626694,-43.84912109,0.06290551
1453,6366830,0.67146785,-55.99511719,0.06561778
1454,6368820,0.46516045,-65.27246094,0.06641155
1455,6370794,0.26934316,-73.75634766,0.06541609
1456,6372781,0.19354801,-78.94433594,0.06369600
1457,6374774,0.09227100,-82.24023438,0.06108689
1458,6376767,-0.01248163,-83.70507812,0.05763813
1459,6378765,-0.09954731,-83.52197266,0.05355645
1460,6380764,-0.06897714,-82.91162109,0.04975080
1461,6382763,-0.01245473,-82.42333984,0.04641926
1462,6384763,-0.04402594,-81.14160156,0.04291702
1463,6386763,-0.09102180,-79.92089844,0.03912092
1464,6388763,-0.16035469,-77.96777344,0.03489022
1465,6390763,-0.08195304,-75.09912109,0.03138648
1466,6392763,-0.10350665,-72.10839844,0.02784798
1467,6394763,-0.13855605,-69.48388672,0.02415774
1468,6396763,-0.15864515,-66.92041016,0.02042735
1469,6398763,-0.23074398,-63.74658203,0.01628223
1470,6400762,-0.25927215,-59.71826172,0.01208768
1471,6402758,-0.28753419,-56.48339844,0.00000000
1472,6404758,-0.30034800,-52.57714844,0.00000000
1473,6406759,-0.24455930,-49.89160156,0.00000000
1474,6408762,-0.23165472,-47.81640625,0.00000000
1475,6410757,-0.27909046,-44.52050781,0.00000000
1476,6412758,-0.38342941,-42.75048828,-0.01160112
1477,6414758,-0.38044212,-38.47802734,-0.01580386
1478,6416763,-0.50808811,-35.54833984,-0.02085290
1479,6418770,-0.64201370,-27.91894531,-0.02663167
1480,6420767,-0.58485801,-20.22851562,-0.03167361
1481,6422770,-0.63927111,-8.93701172,-0.03670676
1482,6424767,-0.56806800,1.43896484,-0.04080888
1483,6426769,-0.51262235,11.38769531,-0.04412067
1484,6428769,-0.49233846,22.25195312,-0.04688257
1485,6430762,-0.33257993,30.91894531,-0.04811161
1486,6432757,-0.26469050,38.36523438,-0.04856400
1487,6434758,-0.33444386,43.43115234,-0.04937253
1488,6436759,-0.21891029,47.76464844,-0.04914331
1489,6438762,-0.18038563,51.85400391,-0.04848368
1490,6440757,-0.22508900,55.88232422,-0.04803024
1491,6442758,-0.23098027,59.84960938,-0.04749817
1492,6444758,-0.35090616,64.97656250,-0.04770605
1493,6446759,-0.37388659,70.59179688,-0.04789922
1494,6448762,-0.29988688,75.41357422,-0.04736310
1495,6450757,-0.28470058,81.15087891,-0.04651656
1496,6452759,-0.29045230,86.15576172,-0.04556188
1497,6454759,-0.19322593,90.55029297,-0.04371556
1498,6456759,-0.04921299,92.86962891,-0.04070926
1499,6458767,0.04600414,94.63964844,-0.03693812
1500,6460796,0.13752168,94.45654297,-0.03248055
1501,6462825,0.14919953,92.74755859,-0.02800174
1502,6464810,0.23334424,91.28271484,-0.02297385
1503,6466795,0.33094270,88.23095703,-0.01739449
1504,6468788,0.31316691,84.93505859,-0.01210151
1505,6470771,0.21686408,82.18847656,0.00000000
1506,6472768,0.43568154,78.40429688,0.00000000
1507,6474771,0.50311925,73.33837891,0.00000000
1508,6476768,0.76161012,68.02832031,0.01253374
1509,6478772,0.91913035,56.79785156,0.02130141
1510,6480769,0.83634414,44.28564453,0.02895605
1511,6482766,0.79158935,28.96582031,0.03568934
1512,6484769,0.55390459,19.50537109,0.04024177
1513,6486767,0.76506570,5.77246094,0.04590494
1514,6488770,0.80289599,-4.72558594,0.05146131
1515,6490767,0.62682406,-13.51464844,0.05533781
1516,6492770,0.53639336,-21.87646484,0.05821622
1517,6494767,0.41127457,-26.27099609,0.05996996
1518,6496770,0.81056659,-32.61865234,0.06454716
1519,6498767,0.78231943,-40.00390625,0.06862594
1520,6500770,0.69193169,-48.97607422,0.07168804
1521,6502767,0.64907688,-60.57275391,0.07400227
1522,6504770,0.62302107,-70.52148438,0.07577125
1523,6506767,0.66878247,-83.21679688,0.07743863
1524,6508766,0.34703393,-93.65380859,0.07629320
1525,6510765,0.22144855,-100.73388672,0.07395412
1526,6512764,-0.00557012,-107.56982422,0.06966802
1527,6514763,-0.05957688,-110.86572266,0.06488553
1528,6516763,0.05018657,-113.73437500,0.06087817
1529,6518762,0.00553370,-114.10058594,0.05654583
1530,6520758,0.01450788,-113.55126953,0.05233327
1531,6522758,0.00797403,-113.55126953,0.04811023
1532,6524758,-0.20553174,-112.08642578,0.04233031
1533,6526758,-0.16104855,-110.68261719,0.03697882
1534,6528759,-0.11900149,-109.52294922,0.03202808
1535,6530759,-0.13112074,-106.28808594,0.02713036
1536,6532759,-0.25930713,-103.72460938,0.02137982
1537,6534759,-0.42124181,-98.78076172,0.01460231
1538,6536759,-0.34851235,-93.47070312,0.00000000
1539,6538762,-0.18489712,-88.83203125,0.00000000
1540,6540758,-0.25254450,-83.82714844,0.00000000
1541,6542762,-0.54329388,-80.16503906,0.00000000
1542,6544761,-0.56991829,-74.30566406,-0.01457502
1543,6546761,-0.60937180,-67.77490234,-0.02147402
1544,6548762,-0.68520406,-56.42236328,-0.02851663
1545,6550761,-0.68647184,-44.58154297,-0.03511730
1546,6552761,-0.59335132,-31.82519531,-0.04052411
1547,6554761,-0.54276117,-19.31298828,-0.04507967
1548,6556761,-0.63738750,-6.92285156,-0.04990157
1549,6558765,-0.63467919,5.95556641,-0.05422944
1550,6560812,-0.49864484,16.14843750,-0.05714084
1551,6562850,-0.44387472,24.69335938,-0.05930664
1552,6564833,-0.39010113,30.55273438,-0.06085279
1553,6566817,-0.39491487,36.29003906,-0.06225458
1554,6568795,-0.32656026,40.62353516,-0.06297944
1555,6570792,-0.47741881,45.99462891,-0.06467413
1556,6572783,-0.58217277,53.44091797,-0.06689028
1557,6574780,-0.57403371,60.27685547,-0.06880481
1558,6576777,-0.59671527,70.53076172,-0.07052648
1559,6578779,-0.48436886,79.25878906,-0.07108414
1560,6580776,-0.43345060,88.47509766,-0.07092971
1561,6582772,-0.49827208,96.95898438,-0.07099101
1562,6584764,-0.21293423,101.53662109,-0.06872423
1563,6586764,-0.19738697,105.62597656,-0.06622240
1564,6588767,-0.08443467,108.25048828,-0.06277663
1565,6590766,-0.04790553,109.83740234,-0.05901656
1566,6592766,-0.04846023,110.63085938,-0.05526911
1567,6594765,0.07771891,110.50878906,-0.05058960
1568,6596764,0.09202220,110.56982422,-0.04583444
1569,6598767,0.18816777,108.61669922,-0.04044910
1570,6600766,0.19243381,106.29736328,-0.03514192
1571,6602765,0.37741396,102.45214844,-0.02860009
1572,6604768,0.58248232,95.79931641,-0.02076539
1573,6606771,0.58096169,88.29199219,-0.01324665
1574,6608768,0.52033992,80.47949219,0.00000000
1575,6610767,0.38326573,73.46044922,0.00000000
1576,6612770,0.65080624,67.11279297,0.00000000
1577,6614767,0.60809132,59.42236328,0.01262713
1578,6616769,0.77009574,51.67089844,0.02010124
1579,6618766,0.83202400,39.03662109,0.02756992
1580,6620769,0.73452996,27.37890625,0.03384377
1581,6622766,0.71429706,13.46289062,0.03944654
1582,6624769,0.60514141,1.37792969,0.04376499
1583,6626766,0.59245237,-12.11083984,0.04749489
1584,6628770,0.44114757,-21.44921875,0.04972862
1585,6630763,0.17844804,-28.52929688,0.04969830
1586,6632763,0.18341872,-32.49658203,0.04957744
1587,6634763,0.10812783,-34.08349609,0.04882545
1588,6636767,0.45965267,-35.85351562,0.05070155
1589,6638770,0.57423472,-39.69873047,0.05330822
1590,6640766,0.68189551,-44.88671875,0.05654551
1591,6642769,0.68135810,-54.89648438,0.05942323
1592,6644766,0.59771771,-64.78417969,0.06130204
1593,6646768,0.51134524,-74.85498047,0.06217439
1594,6648767,0.26030272,-82.66748047,0.06085277
1595,6650765,0.07415383,-88.58789062,0.05792319
1596,6652764,0.05092585,-91.09033203,0.05475398
1597,6654763,-0.09531101,-92.49414062,0.05044438
1598,6656763,-0.04972217,-92.12792969,0.04652447
1599,6658767,0.10174217,-92.31103516,0.04378103
1600,6660796,0.01078157,-91.57861328,0.04037797
1601,6662827,-0.10444319,-92.37207031,0.03606168
1602,6664813,-0.04273059,-92.00585938,0.03226792
1603,6666798,-0.00513329,-92.61621094,0.02882651
1604,6668791,0.02258991,-92.86035156,0.02561569
1605,6670773,-0.16766234,-92.79931641,0.02096981
1606,6672766,-0.22679668,-92.43310547,0.01593388
1607,6674765,-0.17523796,-90.47998047,0.01137607
1608,6676765,-0.09317590,-88.58789062,0.00000000
1609,6678769,-0.18519553,-85.96337891,0.00000000
1610,6680762,-0.34665636,-83.94921875,0.00000000
1611,6682762,-0.44433676,-81.26367188,0.00000000
1612,6684762,-0.52058072,-75.77050781,-0.01516081
1613,6686762,-0.59097034,-71.19287109,-0.02202573
1614,6688763,-0.72927304,-60.75585938,-0.02954126
1615,6690766,-0.76340579,-49.52539062,-0.03688199
1616,6692769,-0.55413964,-34.75488281,-0.04207166
1617,6694766,-0.56407370,-21.02197266,-0.04682959
1618,6696769,-0.63476365,-7.96044922,-0.05164497
1619,6698769,-0.68694047,5.77246094,-0.05635596
1620,6700766,-0.52082930,17.06396484,-0.05938238
1621,6702765,-0.27066953,26.34130859,-0.06016428
1622,6704764,-0.40153416,31.83447266,-0.06175090
1623,6706767,-0.62233602,37.08349609,-0.06483408
1624,6708773,-0.68923769,43.37011719,-0.06819257
1625,6710769,-0.67124659,49.16845703,-0.07119434
1626,6712771,-0.48616740,55.94335938,-0.07254471
1627,6714768,-0.45705186,64.30517578,-0.07337294
1628,6716771,-0.54932209,74.49804688,-0.07455798
1629,6718772,-0.43484552,81.33398438,-0.07462469
1630,6720765,-0.15875621,89.26855469,-0.07231606
1631,6722763,-0.06637311,95.25000000,-0.06912696
1632,6724763,-0.21041359,99.58349609,-0.06690376
1633,6726763,-0.18211844,102.08593750,-0.06439557
1634,6728767,-0.06450955,104.83251953,-0.06091408
1635,6730766,0.15153896,106.96875000,-0.05572941
1636,6732765,0.07813564,108.92187500,-0.05108277
1637,6734765,-0.04697877,108.73876953,-0.04743079
1638,6736763,0.05877501,109.16601562,-0.04298302
1639,6738766,0.18481913,108.18945312,-0.03764315
1640,6740769,0.44091622,106.48046875,-0.03043821
1641,6742766,0.54712300,102.51318359,-0.02260623
1642,6744769,0.56835969,96.53173828,-0.01488193
1643,6746762,0.39231160,89.26855469,0.00000000
1644,6748758,0.39332209,81.88330078,0.00000000
1645,6750762,0.53738685,73.46044922,0.00000000
1646,6752762,0.56650014,66.62451172,0.01007207
1647,6754761,0.74544047,57.59130859,0.01759402
1648,6756762,0.69376822,49.83984375,0.02440717
1649,6758767,0.77656226,36.47314453,0.03134935
1650,6760800,0.71844801,23.89990234,0.03737447
1651,6762841,0.63310109,11.08251953,0.04227212
1652,6764829,0.60964913,-2.28417969,0.04649285
1653,6766820,0.57092682,-13.75878906,0.05000212
1654,6768798,0.48915954,-23.34130859,0.05253759
1655,6770791,0.22258237,-30.29931641,0.05279277
1656,6772773,0.32087512,-34.51074219,0.05364508
1657,6774766,0.30208012,-36.09765625,0.05430349
1658,6776769,0.43465280,-39.51562500,0.05584756
1659,6778765,0.72142952,-43.72705078,0.05942212
1660,6780768,0.72586625,-48.42675781,0.06285540
1661,6782770,0.58765526,-58.19238281,0.06487468
1662,6784767,0.58968184,-67.46972656,0.06658070
1663,6786769,0.48321973,-76.99121094,0.06714598
1664,6788763,0.32071306,-86.81787109,0.06612629
1665,6790763,0.03567576,-93.83691406,0.06271275
1666,6792763,-0.09630394,-97.56005859,0.05818097
1667,6794763,-0.08953795,-99.57421875,0.05366177
1668,6796763,0.12927313,-102.19873047,0.05075392
1669,6798762,0.14904170,-101.77148438,0.04803682
1670,6800757,-0.04902567,-102.01562500,0.04382203
1671,6802759,-0.22952154,-102.01562500,0.03826585
1672,6804759,-0.12744510,-101.28320312,0.03354538
1673,6806759,-0.02261562,-101.16113281,0.02966443
1674,6808759,-0.08000343,-100.67285156,0.02538953
1675,6810759,-0.25218819,-99.20800781,0.01988237
1676,6812760,-0.40789347,-96.64453125,0.01331360
1677,6814760,-0.31228993,-92.86035156,0.00000000
1678,6816758,-0.17862532,-88.64892578,0.00000000
1679,6818762,-0.25568796,-83.82714844,0.00000000
1680,6820762,-0.45595598,-79.98193359,0.00000000
1681,6822762,-0.50123979,-76.68603516,-0.01427739
1682,6824762,-0.51119550,-70.64355469,-0.02050625
1683,6826762,-0.55600821,-64.60107422,-0.02682793
1684,6828763,-0.77680709,-53.73681641,-0.03441756
1685,6830766,-0.73950473,-42.87255859,-0.04130172
1686,6832769,-0.60452980,-27.97998047,-0.04659949
1687,6834767,-0.56810974,-14.67431641,-0.05112643
1688,6836770,-0.52621043,-2.40625000,-0.05488146
1689,6838771,-0.58312783,10.10595703,-0.05861630
1690,6840768,-0.45888196,19.07812500,-0.06107217
1691,6842767,-0.28177503,25.66992188,-0.06193719
1692,6844769,-0.43017294,30.61376953,-0.06375966
1693,6846767,-0.61675326,34.82519531,-0.06685036
1694,6848773,-0.69253222,42.94287109,-0.07022644
1695,6850770,-0.61450682,48.31396484,-0.07279815
1696,6852767,-0.47151414,55.88232422,-0.07401279
1697,6854769,-0.50955044,66.74658203,-0.07513916
1698,6856767,-0.51436926,75.65771484,-0.07598499
1699,6858774,-0.37785706,84.50781250,-0.07549238
1700,6860831,-0.13273963,90.61132812,-0.07289818
1701,6862860,-0.06959037,96.10449219,-0.06959846
1702,6864844,-0.28331725,100.62109375,-0.06783084
1703,6866827,-0.20689425,102.94042969,-0.06548907
1704,6868816,0.00969235,106.41943359,-0.06139641
1705,6870802,0.20397998,108.18945312,-0.05577944
1706,6872791,0.15970547,108.79980469,-0.05052579
1707,6874773,-0.02146409,107.82324219,-0.04671995
1708,6876767,-0.00234962,107.70117188,-0.04281194
1709,6878770,0.20807943,106.11425781,-0.03736396
1710,6880767,0.46422598,103.12353516,-0.03008316
1711,6882769,0.49385992,100.19384766,-0.02273594
1712,6884767,0.41549277,92.93066406,-0.01627810
1713,6886770,0.40453945,86.39990234,-0.01018001
1714,6888768,0.46826009,77.24462891,0.00000000
1715,6890771,0.52279286,69.43212891,0.00000000
1716,6892769,0.59255552,62.77929688,0.00000000
1717,6894771,0.61326787,55.69921875,0.01545917
1718,6896769,0.72300511,47.45947266,0.02244419
1719,6898767,0.87307505,33.66552734,0.03005043
1720,6900770,0.70222624,21.27539062,0.03587989
1721,6902767,0.66296044,7.35937500,0.04089501
1722,6904770,0.57461384,-3.56591797,0.04482894
1723,6906767,0.60485694,-16.26123047,0.04853148
1724,6908769,0.54326011,-25.59960938,0.05142321
1725,6910763,0.19652799,-32.49658203,0.05141324
1726,6912762,-0.00799231,-37.56250000,0.04967520
1727,6914763,-0.23297623,-38.35595703,0.04620135
1728,6916763,-0.07591428,-38.41699219,0.04394628
1729,6918763,0.05935269,-36.46386719,0.04280576
1730,6920763,0.12309194,-34.26660156,0.04223659
1731,6922762,-0.03822516,-32.06933594,0.04051849
1732,6924758,-0.18275747,-29.20068359,0.03780855
1733,6926758,0.00877066,-27.30859375,0.03664439
1734,6928758,0.07989969,-24.43994141,0.03612881
1735,6930758,0.08347944,-25.59960938,0.03560503
1736,6932758,0.12979916,-26.20996094,0.03541833
1737,6934758,0.07325010,-27.06445312,0.03477338
1738,6936758,0.16177095,-30.60449219,0.03468700
1739,6938758,0.24021117,-35.42626953,0.03503501
1740,6940762,0.40655962,-41.83496094,0.03643120
1741,6942762,0.43373023,-48.54882812,0.03779497
1742,6944762,0.41943666,-56.42236328,0.03877537
1743,6946758,0.37884803,-62.52587891,0.03923422
1744,6948759,0.34853930,-69.30078125,0.03923269
1745,6950759,0.21408727,-74.48876953,0.03802435
1746,6952759,0.07257223,-78.21191406,0.03562177
1747,6954759,-0.00297933,-79.85986328,0.03260321
1748,6956760,-0.07655361,-79.67675781,0.02905202
1749,6958763,-0.07165339,-79.37158203,0.02557429
1750,6960807,-0.04634633,-78.33398438,0.02233993
1751,6962842,-0.02303865,-76.74707031,0.01931882
1752,6964826,-0.06707051,-75.09912109,0.01606013
1753,6966811,-0.16311213,-73.69531250,0.01219669
1754,6968800,-0.16087257,-71.86425781,0.00000000
1755,6970791,-0.19893168,-69.30078125,0.00000000
1756,6972773,-0.35425071,-66.37109375,0.00000000
1757,6974770,-0.44120910,-62.09863281,0.00000000
1758,6976767,-0.54211551,-57.33789062,-0.01203508
1759,6978774,-0.65206470,-48.60986328,-0.01859356
1760,6980771,-0.70705488,-39.14941406,-0.02521220
1761,6982768,-0.59376922,-27.30859375,-0.03050975
1762,6984766,-0.53791799,-17.29882812,-0.03500417
1763,6986770,-0.54498081,-6.92285156,-0.03916704
1764,6988771,-0.60220575,2.84277344,-0.04340504
1765,6990768,-0.44918572,11.20458984,-0.04616223
1766,6992767,-0.31934535,17.79638672,-0.04768641
1767,6994766,-0.28149350,22.80126953,-0.04874060
1768,6996769,-0.48468723,26.70751953,-0.05120579
1769,6998771,-0.73534142,33.11621094,-0.05534782
1770,7000768,-0.59889471,35.67968750,-0.05833959
1771,7002771,-0.44651735,41.05078125,-0.05997060
1772,7004768,-0.43786831,46.05566406,-0.06135237
1773,7006767,-0.32200907,51.97607422,-0.06164436
1774,7008770,-0.31932413,58.62890625,-0.06168584
1775,7010764,-0.24992955,63.81689453,-0.06101777
1776,7012764,-0.09362133,68.76074219,-0.05900377
1777,7014763,-0.12881373,73.82666016,-0.05709218
1778,7016764,-0.16950447,78.46533203,-0.05534763
1779,7018767,-0.12451768,82.67675781,-0.05312646
1780,7020766,0.11809567,85.78955078,-0.04896274
1781,7022766,0.00513864,88.96337891,-0.04558484
1782,7024766,-0.02512492,89.32958984,-0.04244876
1783,7026765,0.00325995,90.48925781,-0.03908114
1784,7028770,0.02466391,92.19824219,-0.03551462
1785,7030764,0.09185477,92.25927734,-0.03145337
1786,7032763,0.13168548,91.40478516,-0.02716376
1787,7034764,0.18321032,88.41406250,-0.02260552
1788,7036763,0.31630669,84.93505859,-0.01718214
1789,7038767,0.34135666,80.29638672,-0.01176713
1790,7040766,0.33064808,74.19287109,0.00000000
1791,7042766,0.31897154,66.86865234,0.00000000
1792,7044765,0.23427181,59.97167969,0.00000000
1793,7046765,0.27179707,53.01367188,0.00000000
1794,7048764,0.28692475,47.82568359,0.00000000
1795,7050763,0.22724153,43.30908203,0.01246650
1796,7052764,0.30799591,39.83007812,0.01603314
1797,7054767,0.46475230,36.16796875,0.02064717
1798,7056770,0.59433760,32.44482422,0.02609388
1799,7058771,0.76958576,24.57128906,0.03257238
1800,7060826,0.69458672,16.88085938,0.03817426
1801,7062873,0.69449936,6.19970703,0.04337836
1802,7064847,0.58681884,-3.81005859,0.04737675
1803,7066835,0.47485950,-12.84326172,0.05019442
1804,7068823,0.34492827,-20.53369141,0.05173743
1805,7070797,0.07210809,-26.02685547,0.05100172
1806,7072790,0.04110408,-29.13964844,0.04993533
1807,7074771,0.09978559,-29.01757812,0.04931994
1808,7076764,0.25693002,-31.27587891,0.04983731
1809,7078763,0.37863409,-33.71728516,0.05119246
1810,7080767,0.53237032,-38.96630859,0.05352982
1811,7082770,0.42021698,-45.43603516,0.05477319
1812,7084767,0.64459286,-56.66650391,0.05733757
1813,7086770,0.65635071,-66.55419922,0.05964423
1814,7088763,0.29594582,-75.64843750,0.05887145
1815,7090763,0.23624410,-84.49853516,0.05735906
1816,7092763,0.10023187,-87.55029297,0.05470884
1817,7094762,0.13063416,-90.29687500,0.05221657
1818,7096757,0.08284011,-91.33447266,0.04934392
1819,7098758,-0.08309690,-91.88378906,0.04521630
1820,7100758,-0.04840738,-92.18896484,0.04136142
1821,7102759,0.03022689,-91.51757812,0.03815945
1822,7104759,0.00771731,-91.51757812,0.03480847
1823,7106759,-0.04442635,-91.15136719,0.03109898
1824,7108759,-0.10005434,-90.41894531,0.02701749
1825,7110759,-0.07657237,-90.78515625,0.02313332
1826,7112759,-0.00165740,-89.32031250,0.01989960
1827,7114760,-0.03440312,-88.34375000,0.01647260
1828,7116757,-0.12067548,-87.73339844,0.01243226
1829,7118758,-0.10252150,-86.20751953,0.00000000
1830,7120758,-0.15884738,-84.80371094,0.00000000
1831,7122758,-0.22591418,-83.76611328,0.00000000
1832,7124758,-0.20886887,-81.99609375,0.00000000
1833,7126758,-0.29715273,-79.18847656,0.00000000
1834,7128761,-0.37031844,-76.74707031,-0.01489250
1835,7130757,-0.35442619,-73.39013672,-0.02000568
1836,7132762,-0.47649278,-69.72802734,-0.02587985
1837,7134762,-0.54581528,-64.66210938,-0.03208140
1838,7136761,-0.71631368,-59.04687500,-0.03934359
1839,7138763,-0.68890259,-48.60986328,-0.04599053
1840,7140767,-0.71181098,-38.23388672,-0.05241457
1841,7142770,-0.61220128,-25.78271484,-0.05760928
1842,7144767,-0.64272593,-13.88085938,-0.06259294
1843,7146770,-0.55943316,-1.30761719,-0.06647582
1844,7148771,-0.45363045,9.80078125,-0.06914472
1845,7150764,-0.34254082,18.83398438,-0.07063883
1846,7152763,-0.36006973,25.18164062,-0.07204291
1847,7154763,-0.25310834,28.72167969,-0.07249956
1848,7156763,-0.31326017,33.48242188,-0.07324933
1849,7158772,-0.16034510,36.77832031,-0.07271547
1850,7160802,-0.24519701,41.05078125,-0.07268067
1851,7162847,-0.47294496,46.97119141,-0.07416357
1852,7164831,-0.41349476,52.76953125,-0.07498050
1853,7166817,-0.42637624,61.00927734,-0.07565790
1854,7168799,-0.51561741,68.15039062,-0.07676907
1855,7170795,-0.48863910,75.41357422,-0.07742774
1856,7172792,-0.44988769,82.73779297,-0.07752135
1857,7174783,-0.49939769,90.42822266,-0.07773068
1858,7176776,-0.37647111,96.77587891,-0.07679697
1859,7178773,-0.24438186,101.23144531,-0.07470998
1860,7180766,-0.28182890,103.79492188,-0.07283365
1861,7182766,-0.23604717,106.23632812,-0.07054641
1862,7184766,-0.04537325,106.96875000,-0.06678629
1863,7186766,-0.07417253,108.06738281,-0.06323812
1864,7188769,0.05562711,107.27392578,-0.05875410
1865,7190762,0.10773588,106.54150391,-0.05392490
1866,7192763,0.12849913,104.58837891,-0.04905330
1867,7194763,0.19664177,102.02490234,-0.04377439
1868,7196764,0.03424422,99.33935547,-0.03986431
1869,7198768,0.04883191,96.47070312,-0.03596924
1870,7200768,0.19887435,94.51757812,-0.03102045
1871,7202771,0.46135486,90.30615234,-0.02425640
1872,7204768,0.48523815,87.49853516,-0.01744559
1873,7206772,0.42609753,82.67675781,-0.01130587
1874,7208766,0.31580054,76.20703125,0.00000000
1875,7210766,0.37698406,71.81250000,0.00000000
1876,7212769,0.66025429,68.02832031,0.00000000
1877,7214766,0.62937948,63.08447266,0.01322831
1878,7216769,0.74558260,56.67578125,0.02071013
1879,7218767,0.85662763,45.68945312,0.02861838
1880,7220770,0.69271577,34.64208984,0.03484166
1881,7222767,0.72449245,21.27539062,0.04081000
1882,7224770,0.66462468,8.70214844,0.04585014
1883,7226767,0.67160535,-5.09179688,0.05043747
1884,7228770,0.54132805,-16.99365234,0.05359441
1885,7230763,0.22511413,-25.90478516,0.05401105
1886,7232767,0.41529072,-33.16796875,0.05563299
1887,7234766,0.25667712,-37.68457031,0.05587422
1888,7236770,0.52279711,-42.81152344,0.05797342
1889,7238768,0.69202815,-47.93847656,0.06117377
1890,7240772,0.60747931,-54.34716797,0.06349739
1891,7242769,0.62312488,-64.78417969,0.06556474
1892,7244766,0.58730591,-73.51220703,0.06705647
1893,7246770,0.46708258,-82.85058594,0.06730462
1894,7248763,0.19879072,-90.84619141,0.06522409
1895,7250763,-0.03236193,-95.17968750,0.06126513
1896,7252764,-0.04035820,-97.56005859,0.05717868
1897,7254764,-0.07722797,-97.56005859,0.05283894
1898,7256763,0.06514458,-96.52246094,0.04965601
1899,7258767,0.05092816,-96.52246094,0.04638912
1900,7260804,-0.06470487,-97.01074219,0.04223306
1901,7262843,-0.00379284,-97.74316406,0.03849823
1902,7264827,-0.11804363,-97.86523438,0.03392646
1903,7266813,-0.21661516,-97.37695312,0.02872840
1904,7268800,-0.17412718,-96.52246094,0.02391512
1905,7270791,-0.25705458,-94.38623047,0.01857782
1906,7272776,-0.43828324,-92.25000000,0.01195959
1907,7274774,-0.59919957,-88.16064453,0.00000000
1908,7276771,-0.74483677,-81.69091797,0.00000000
1909,7278772,-0.76325785,-69.66699219,-0.01238243
1910,7280769,-0.66044907,-56.48339844,-0.01927585
1911,7282766,-0.64673783,-42.01806641,-0.02551811
1912,7284769,-0.72527312,-26.94238281,-0.03180067
1913,7286767,-0.82569840,-11.01220703,-0.03826340
1914,7288774,-0.73887727,5.71142578,-0.04344702
1915,7290771,-0.45214005,19.93261719,-0.04591910
1916,7292764,-0.40635312,30.79687500,-0.04765697
1917,7294768,-0.59939228,37.87695312,-0.05061800
1918,7296770,-0.64314752,44.89599609,-0.05364922
1919,7298772,-0.65175798,51.24365234,-0.05651290
1920,7300769,-0.53800439,56.00439453,-0.05833171
1921,7302766,-0.63809996,66.38037109,-0.06055303
1922,7304769,-0.51785913,74.74218750,-0.06155964
1923,7306767,-0.44701943,82.85986328,-0.06173622
1924,7308770,-0.18620980,89.51269531,-0.05970545
1925,7310763,-0.12026168,94.76171875,-0.05699960
1926,7312763,-0.05575676,97.99658203,-0.05372587
1927,7314764,-0.10047785,100.07177734,-0.05073515
1928,7316763,0.02894940,100.98730469,-0.04674698
1929,7318767,0.12431392,101.65869141,-0.04204054
1930,7320767,0.12053882,101.71972656,-0.03738737
1931,7322767,0.06003878,100.62109375,-0.03327214
1932,7324766,0.12275161,99.27832031,-0.02875479
1933,7326770,0.40307606,95.55517578,-0.02226079
1934,7328767,0.58708525,90.67236328,-0.01456841
1935,7330770,0.51129957,84.69091797,0.00000000
1936,7332767,0.65339489,77.24462891,0.00000000
1937,7334770,0.68418034,68.45556641,0.00000000
1938,7336767,0.80644987,56.12646484,0.01541273
1939,7338769,0.84626793,42.45458984,0.02316898
1940,7340766,0.64554737,29.88134766,0.02891566
1941,7342769,0.69072140,16.02636719,0.03449143
1942,7344766,0.69699151,1.68310547,0.03958717
1943,7346769,0.70072527,-10.21875000,0.04427116
1944,7348767,0.56529128,-20.04541016,0.04755432
1945,7350766,0.19362399,-28.34619141,0.04769926
1946,7352769,0.39669932,-33.59521484,0.04921257
1947,7354763,0.29741966,-35.73144531,0.04988565
1948,7356766,0.48628656,-39.57666016,0.05187209
1949,7358774,0.58590940,-43.05566406,0.05448294
1950,7360827,0.51180289,-47.02294922,0.05637269
1951,7362879,0.59953528,-54.46923828,0.05863118
1952,7364866,0.52724439,-62.03759766,0.06006246
1953,7366854,0.40165707,-69.85009766,0.06032761
1954,7368838,0.17247199,-77.35742188,0.05858573
1955,7370823,0.04245053,-82.36230469,0.05570123
1956,7372797,0.08928343,-86.39062500,0.05305640
1957,7374789,0.00516936,-87.48925781,0.04976895
1958,7376771,0.01776924,-89.56445312,0.04650241
1959,7378764,0.04477642,-91.09033203,0.04342937
1960,7380763,0.05578618,-91.76171875,0.04042523
1961,7382763,0.03714890,-93.40966797,0.03723414
1962,7384763,-0.11821026,-93.59277344,0.03287396
1963,7386763,-0.07456335,-94.14208984,0.02885885
1964,7388763,-0.06252204,-93.77587891,0.02497737
1965,7390762,-0.15523079,-92.86035156,0.02044841
1966,7392758,-0.20441473,-91.63964844,0.01561983
1967,7394758,-0.20829473,-88.95410156,0.01089412
1968,7396758,-0.25863129,-85.96337891,0.00000000
1969,7398761,-0.27739237,-82.78955078,0.00000000
1970,7400757,-0.38040514,-78.94433594,0.00000000
1971,7402762,-0.47703764,-74.06152344,-0.01079340
1972,7404762,-0.48196907,-67.77490234,-0.01670970
1973,7406762,-0.57564890,-61.73242188,-0.02308908
1974,7408763,-0.78958724,-51.60058594,-0.03070927
1975,7410766,-0.63418366,-40.85839844,-0.03672620
1976,7412769,-0.60192989,-27.73583984,-0.04200769
1977,7414767,-0.57599689,-14.55224609,-0.04660277
1978,7416769,-0.57545645,-2.52832031,-0.05074975
1979,7418769,-0.63861520,9.80078125,-0.05492840
1980,7420763,-0.41939418,19.62744141,-0.05707146
1981,7422762,-0.32994164,26.89062500,-0.05827281
1982,7424758,-0.28797054,31.34619141,-0.05899211
1983,7426758,-0.39420480,36.77832031,-0.06033462
1984,7428761,-0.40978921,40.62353516,-0.06165478
1985,7430762,-0.48348091,46.17773438,-0.06333881
1986,7432761,-0.47645337,52.83056641,-0.06473324
1987,7434761,-0.54751683,61.80273438,-0.06635706
1988,7436761,-0.51703777,70.46972656,-0.06744351
1989,7438762,-0.49077562,78.03808594,-0.06806507
1990,7440757,-0.39820862,85.11816406,-0.06773557
1991,7442758,-0.31480670,92.32031250,-0.06653714
1992,7444758,-0.24534471,96.89794922,-0.06465547
1993,7446758,-0.23223057,100.92626953,-0.06255146
1994,7448761,-0.03895162,102.69628906,-0.05893169
1995,7450757,0.06866632,103.06250000,-0.05449843
1996,7452758,-0.01704028,102.75732422,-0.05077383
1997,7454758,0.08742596,100.98730469,-0.04633259
1998,7456758,0.11694978,99.40039062,-0.04175452
1999,7458764,0.13115263,97.50830078,-0.03716607