n,time,theta,dUtheta,dUu,dU,U,battery_voltage,PWM,computetime,sensortime
0,3463017,0.00068362,0.19082892,0.00000000,0.00000000,0.00000000,0.00000000,0.00000000,427,10000
1,3472655,0.00044731,-0.08156591,0.00000000,0.00000000,0.00000000,0.00000000,0.00000000,66,10000
2,3482655,0.00036405,0.02382326,0.00000000,0.00000000,0.00000000,0.00000000,0.00000000,66,10000
3,3492655,0.00041304,0.02683372,0.00000000,0.00000000,0.00000000,0.00000000,0.00000000,66,10000
4,3502655,0.00040641,-0.00586967,0.00000000,0.00000000,0.00000000,0.00000000,0.00000000,66,10000
5,3512655,0.00037250,-0.00282214,0.00000000,0.00000000,0.00000000,0.00000000,0.00000000,66,10000
6,3522655,0.00024390,-0.01906026,0.00000000,0.00000000,0.00000000,0.00000000,0.00000000,66,10000
7,3532655,0.00000132,-0.02939959,0.00000000,0.00000000,0.00000000,0.00000000,0.00000000,66,10000
8,3542654,-0.00015885,0.00452974,0.00000000,0.00000000,0.00000000,0.00000000,0.00000000,65,10000
9,3552654,-0.00019677,0.01618111,0.00000000,0.00000000,0.00000000,0.00000000,0.00000000,65,10000
10,3562655,-0.00004344,0.03731066,0.00000000,0.00000000,0.00000000,0.00000000,0.00000000,66,10000
11,3572659,0.00000655,-0.01424476,0.00000000,0.00000000,0.00000000,0.00000000,0.00000000,66,10000
12,3582657,-0.00010513,-0.03189144,0.00000000,0.00000000,0.00000000,0.00000000,0.00000000,65,10000
13,3592655,-0.00029005,-0.02262148,0.00000000,0.00000000,0.00000000,0.00000000,0.00000000,66,10000
14,3602655,-0.00046092,-0.00943335,0.00000000,0.00000000,0.00000000,0.00000000,0.00000000,66,10000
15,3612660,-0.00050865,0.01329779,0.00000000,0.00000000,0.00000000,0.00000000,0.00000000,66,10000
16,3622656,-0.00044150,0.01779537,0.00000000,0.00000000,0.00000000,0.00000000,0.00000000,66,10000
17,3632656,-0.00042064,-0.00997617,0.00000000,0.00000000,0.00000000,0.00000000,0.00000000,67,10000
18,3642656,-0.00044804,-0.01270712,0.00000000,0.00000000,0.00000000,0.00000000,0.00000000,67,10000
19,3652656,-0.00060581,-0.03317238,0.00000000,0.00000000,0.00000000,0.00000000,0.00000000,67,10000
20,3662655,-0.00071375,-0.00289043,0.00000000,0.00000000,0.00000000,0.00000000,0.00000000,66,10000
21,3672655,-0.00073136,0.00757104,0.00000000,0.00000000,0.00000000,0.00000000,0.00000000,66,10000
22,3682655,-0.00063343,0.01773243,0.00000000,0.00000000,0.00000000,0.00000000,0.00000000,66,10000
23,3692656,-0.00061112,-0.01619217,0.00000000,0.00000000,0.00000000,0.00000000,0.00000000,67,10000
24,3702655,-0.00063014,-0.01271567,0.00000000,0.00000000,0.00000000,0.00000000,0.00000000,66,10000
25,3712655,-0.00076391,-0.03088057,0.00000000,0.00000000,0.00000000,0.00000000,0.00000000,66,10000
26,3722655,-0.00079523,0.00838954,0.00000000,0.00000000,0.00000000,0.00000000,0.00000000,66,10000
27,3732656,-0.00089304,-0.02260549,0.00000000,0.00000000,0.00000000,0.00000000,0.00000000,67,10000
28,3742655,-0.00094013,-0.00183754,0.00000000,0.00000000,0.00000000,0.00000000,0.00000000,66,10000
29,3752656,-0.00100155,-0.01346245,0.00000000,0.00000000,0.00000000,0.00000000,0.00000000,67,10000
30,3762655,-0.00108868,-0.01717376,0.00000000,0.00000000,0.00000000,0.00000000,0.00000000,66,10000
31,3772657,-0.00115169,-0.00860416,0.00000000,0.00000000,0.00000000,0.00000000,0.00000000,66,10000
32,3782658,-0.00116826,-0.00303696,0.00000000,0.00000000,0.00000000,0.00000000,0.00000000,66,10000
33,3792655,-0.00120809,-0.01561103,0.00000000,0.00000000,0.00000000,0.00000000,0.00000000,66,10000
34,3802656,-0.00118296,0.00173889,0.00000000,0.00000000,0.00000000,0.00000000,0.00000000,67,10000
35,3812660,-0.00123695,-0.02545693,0.00000000,0.00000000,0.00000000,0.00000000,0.00000000,66,10000
36,3822655,-0.00117688,0.01127989,0.00000000,0.00000000,0.00000000,0.00000000,0.00000000,66,10000
37,3832660,-0.00118277,-0.02069462,0.00000000,0.00000000,0.00000000,0.00000000,0.00000000,67,10000
38,3842656,-0.00125482,-0.02432848,0.00000000,0.00000000,0.00000000,0.00000000,0.00000000,67,10000
39,3852656,-0.00137914,-0.02554349,0.00000000,0.00000000,0.00000000,0.00000000,0.00000000,67,10000
40,3862656,-0.00144035,-0.00466633,0.00000000,0.00000000,0.00000000,0.00000000,0.00000000,67,10000
41,3872656,-0.00143846,-0.00177269,0.00000000,0.00000000,0.00000000,0.00000000,0.00000000,67,10000
42,3882655,-0.00144545,-0.01377171,0.00000000,0.00000000,0.00000000,0.00000000,0.00000000,66,10000
43,3892655,-0.00149484,-0.02148841,0.00000000,0.00000000,0.00000000,0.00000000,0.00000000,66,10000
44,3902656,-0.00147543,-0.00033170,0.00000000,0.00000000,0.00000000,0.00000000,0.00000000,67,10000
45,3912656,-0.00146475,-0.01309646,0.00000000,0.00000000,0.00000000,0.00000000,0.00000000,67,10000
46,3922656,-0.00144631,-0.00992410,0.00000000,0.00000000,0.00000000,0.00000000,0.00000000,67,10000
47,3932655,-0.00147716,-0.02159363,0.00000000,0.00000000,0.00000000,0.00000000,0.00000000,66,10000
48,3942655,-0.00146824,-0.00540488,0.00000000,0.00000000,0.00000000,0.00000000,0.00000000,66,10000
49,3952655,-0.00153454,-0.02786673,0.00000000,0.00000000,0.00000000,0.00000000,0.00000000,66,10000
50,3962660,-0.00163654,-0.02399707,0.00000000,0.00000000,0.00000000,0.00000000,0.00000000,66,10000
51,3972656,-0.00163234,0.00364905,0.00000000,0.00000000,0.00000000,0.00000000,0.00000000,67,10000
52,3982662,-0.00166615,-0.02151587,0.00000000,0.00000000,0.00000000,0.00000000,0.00000000,66,10000
53,3992658,-0.00159869,0.00605271,0.00000000,0.00000000,0.00000000,0.00000000,0.00000000,67,10000
54,4002655,-0.00091179,0.12327430,0.00000000,0.00000000,0.00000000,0.00000000,0.00000000,66,10000
55,4012653,0.01327750,2.92682532,0.00000000,0.00000000,0.00000000,0.00000000,0.00000000,64,10000
56,4022658,0.02387858,0.10865453,0.00000000,0.00000000,0.00000000,0.00000000,0.00000000,65,10000
57,4032655,0.03356402,0.57932010,0.00000000,0.00000000,0.00000000,0.00000000,0.00000000,65,10000
58,4042655,0.03617191,-0.71281267,0.00000000,0.00000000,0.00000000,0.00000000,0.00000000,66,10000
59,4052655,0.03499464,-0.36803346,0.00000000,0.00000000,0.00000000,0.00000000,0.00000000,66,10000
60,4062655,0.02879639,-0.84963918,0.00000000,0.00000000,0.00000000,0.00000000,0.00000000,66,10000
61,4072655,0.01940147,-0.78242682,0.00000000,0.00000000,0.00000000,0.00000000,0.00000000,66,10000
62,4082655,0.00710352,-0.97177635,0.00000000,0.00000000,0.00000000,0.00000000,0.00000000,66,10000
63,4092655,-0.00766782,-1.13971585,0.00000000,0.00000000,0.00000000,0.00000000,0.00000000,66,10000
64,4102655,-0.02322308,-1.03455755,0.00000000,0.00000000,0.00000000,0.00000000,0.00000000,66,10000
65,4112654,-0.03842822,-0.96353400,0.00000000,0.00000000,0.00000000,0.00000000,0.00000000,65,10000
66,4122656,-0.05179305,-0.75137416,0.00000000,0.00000000,0.00000000,0.00000000,0.00000000,67,10000
67,4132655,-0.06391072,-0.89000176,0.00000000,0.00000000,0.00000000,0.00000000,0.00000000,66,10000
68,4142655,-0.07447336,-0.85666615,0.00000000,0.00000000,0.00000000,0.00000000,0.00000000,66,10000
69,4152655,-0.08378120,-0.92437287,0.00000000,0.00000000,0.00000000,0.00000000,0.00000000,66,10000
70,4162655,-0.09177870,-0.92149171,0.00000000,0.00000000,0.00000000,0.00000000,0.00000000,66,10000
71,4172658,-0.09852971,-0.93040853,0.00000000,0.00000000,0.00000000,0.00000000,0.00000000,66,10000
72,4182658,-0.10421737,-0.95800316,0.00000000,0.00000000,0.00000000,0.00000000,0.00000000,66,10000
73,4192655,-0.10887035,-0.95354610,0.00000000,0.00000000,0.00000000,0.00000000,0.00000000,66,10000
74,4202656,-0.11247713,-0.93346887,0.00000000,0.00000000,0.00000000,0.00000000,0.00000000,67,10000
75,4212658,-0.11499056,-0.89643411,0.00000000,0.00000000,0.00000000,0.00000000,0.00000000,66,10000
76,4222656,-0.11661850,-0.90247739,0.00000000,0.00000000,0.00000000,0.00000000,0.00000000,66,10000
77,4232660,-0.11726180,-0.84652434,0.00000000,0.00000000,0.00000000,0.00000000,0.00000000,66,10000
78,4242656,-0.11698949,-0.81316348,0.00000000,0.00000000,0.00000000,0.00000000,0.00000000,67,10000
79,4252655,-0.11572387,-0.74442430,0.00000000,0.00000000,0.00000000,0.00000000,0.00000000,66,10000
80,4262656,-0.11366192,-0.72217272,0.00000000,0.00000000,0.00000000,0.00000000,0.00000000,67,10000
81,4272656,-0.11079497,-0.65982988,0.00000000,0.00000000,0.00000000,0.00000000,0.00000000,67,10000
82,4282656,-0.10695727,-0.55666768,0.00000000,0.00000000,0.00000000,0.00000000,0.00000000,67,10000
83,4292655,-0.10219499,-0.48193580,0.00000000,0.00000000,0.00000000,0.00000000,0.00000000,66,10000
84,4302655,-0.08934594,1.14471332,0.00000000,0.00000000,0.00000000,0.00000000,0.00000000,66,10000
85,4312656,-0.06335374,2.77440299,0.00000000,0.00000000,0.00000000,0.00000000,0.00000000,67,10000
86,4322656,-0.04221013,-0.15664398,0.00000000,0.00000000,0.00000000,0.00000000,0.00000000,67,10000
87,4332655,-0.02216217,0.56512987,0.00000000,0.00000000,0.00000000,0.00000000,0.00000000,66,10000
88,4342655,-0.00462861,0.36678733,0.00000000,0.00000000,0.00000000,0.00000000,0.00000000,66,10000
89,4352654,0.01290304,0.91520805,0.00000000,0.00000000,0.00000000,0.00000000,0.00000000,65,10000
90,4362655,0.02787081,0.51044328,0.00000000,0.00000000,0.00000000,0.00000000,0.00000000,65,10000
91,4372654,0.04130681,0.71749066,0.00000000,0.00000000,0.00000000,0.00000000,0.00000000,65,10000
92,4382658,0.05317584,0.73803654,0.00000000,0.00000000,0.00000000,0.00000000,0.00000000,66,10000
93,4392656,0.06399272,0.86192483,0.00000000,0.00000000,0.00000000,0.00000000,0.00000000,66,10000
94,4402655,0.07347790,0.83448417,0.00000000,0.00000000,0.00000000,0.00000000,0.00000000,66,10000
95,4412655,0.08154626,0.82269186,0.00000000,0.00000000,0.00000000,0.00000000,0.00000000,66,10000
96,4422657,0.08874917,0.93101747,0.00000000,0.00000000,0.00000000,0.00000000,0.00000000,65,10000
97,4432654,0.09473717,0.86869083,0.00000000,0.00000000,0.00000000,0.00000000,0.00000000,65,10000
98,4442655,0.09999276,0.95599773,0.00000000,0.00000000,0.00000000,0.00000000,0.00000000,66,10000
99,4452654,0.10388042,0.82336132,0.00000000,0.00000000,0.00000000,0.00000000,0.00000000,65,10000
100,4462654,0.10711175,0.93412197,0.00000000,0.00000000,0.00000000,0.00000000,0.00000000,65,10000
101,4472655,0.10925859,0.83323882,0.00000000,0.00000000,0.00000000,0.00000000,0.00000000,66,10000
102,4482655,0.11065822,0.86457810,0.00000000,0.00000000,0.00000000,0.00000000,0.00000000,66,10000
103,4492654,0.11111852,0.79427046,0.00000000,0.00000000,0.00000000,0.00000000,0.00000000,65,10000
104,4502654,0.11088881,0.80056081,0.00000000,0.00000000,0.00000000,0.00000000,0.00000000,65,10000
105,4512655,0.10983451,0.73219128,0.00000000,0.00000000,0.00000000,0.00000000,0.00000000,66,10000
106,4522655,0.10798416,0.68474479,0.00000000,0.00000000,0.00000000,0.00000000,0.00000000,66,10000
107,4532655,0.10535470,0.62971129,0.00000000,0.00000000,0.00000000,0.00000000,0.00000000,66,10000
108,4542654,0.10197998,0.57275153,0.00000000,0.00000000,0.00000000,0.00000000,0.00000000,65,10000
109,4552655,0.09779905,0.49109788,0.00000000,0.00000000,0.00000000,0.00000000,0.00000000,66,10000
110,4562655,0.09267978,0.38417705,0.00000000,0.00000000,0.00000000,0.00000000,0.00000000,66,10000
111,4572657,0.07751719,-1.66300791,0.00000000,0.00000000,0.00000000,0.00000000,0.00000000,65,10000
112,4582656,0.05580228,-1.58382224,0.00000000,0.00000000,0.00000000,0.00000000,0.00000000,66,10000
113,4592655,0.03298124,-0.95285390,0.00000000,0.00000000,0.00000000,0.00000000,0.00000000,66,10000
114,4602655,0.01467267,0.00159121,0.00000000,0.00000000,0.00000000,0.00000000,0.00000000,66,10000
115,4612657,-0.00305211,-0.74953435,0.00000000,0.00000000,0.00000000,0.00000000,0.00000000,65,10000
116,4622657,-0.01841807,-0.48323067,0.00000000,0.00000000,0.00000000,0.00000000,0.00000000,66,10000
117,4632654,-0.03253150,-0.72046156,0.00000000,0.00000000,0.00000000,0.00000000,0.00000000,64,10000
118,4642660,-0.04493338,-0.67086352,0.00000000,0.00000000,0.00000000,0.00000000,0.00000000,66,10000
119,4652656,-0.05556666,-0.66871593,0.00000000,0.00000000,0.00000000,0.00000000,0.00000000,67,10000
120,4662655,-0.06522224,-0.83061935,0.00000000,0.00000000,0.00000000,0.00000000,0.00000000,66,10000
121,4672655,-0.07317938,-0.70284000,0.00000000,0.00000000,0.00000000,0.00000000,0.00000000,66,10000
122,4682656,-0.08030418,-0.86262093,0.00000000,0.00000000,0.00000000,0.00000000,0.00000000,67,10000
123,4692655,-0.08591710,-0.73053740,0.00000000,0.00000000,0.00000000,0.00000000,0.00000000,66,10000
124,4702655,-0.09078020,-0.85865004,0.00000000,0.00000000,0.00000000,0.00000000,0.00000000,66,10000
125,4712655,-0.09425740,-0.72161038,0.00000000,0.00000000,0.00000000,0.00000000,0.00000000,66,10000
126,4722655,-0.09672875,-0.75684957,0.00000000,0.00000000,0.00000000,0.00000000,0.00000000,66,10000
127,4732656,-0.09808482,-0.69911259,0.00000000,0.00000000,0.00000000,0.00000000,0.00000000,67,10000
128,4742656,-0.09844568,-0.67552044,0.00000000,0.00000000,0.00000000,0.00000000,0.00000000,67,10000
129,4752656,-0.09786361,-0.63559316,0.00000000,0.00000000,0.00000000,0.00000000,0.00000000,67,10000
130,4762656,-0.09610333,-0.52898211,0.00000000,0.00000000,0.00000000,0.00000000,0.00000000,66,10000
131,4772656,-0.09340042,-0.50089115,0.00000000,0.00000000,0.00000000,0.00000000,0.00000000,67,10000
132,4782662,-0.08947124,-0.36625219,0.00000000,0.00000000,0.00000000,0.00000000,0.00000000,67,10000
133,4792657,-0.07301610,2.15758090,0.00000000,0.00000000,0.00000000,0.00000000,0.00000000,66,10000
134,4802655,-0.05220071,1.22054524,0.00000000,0.00000000,0.00000000,0.00000000,0.00000000,66,10000
135,4812655,-0.03289405,0.37333954,0.00000000,0.00000000,0.00000000,0.00000000,0.00000000,66,10000
136,4822658,-0.01441229,0.59991477,0.00000000,0.00000000,0.00000000,0.00000000,0.00000000,65,10000
137,4832653,0.00101858,0.23083633,0.00000000,0.00000000,0.00000000,0.00000000,0.00000000,63,10000
138,4842654,0.01507054,0.55246284,0.00000000,0.00000000,0.00000000,0.00000000,0.00000000,65,10000
139,4852653,0.02844775,0.74492403,0.00000000,0.00000000,0.00000000,0.00000000,0.00000000,64,10000
140,4862654,0.03981848,0.53346496,0.00000000,0.00000000,0.00000000,0.00000000,0.00000000,65,10000
141,4872655,0.05009018,0.71388611,0.00000000,0.00000000,0.00000000,0.00000000,0.00000000,66,10000
142,4882654,0.05871047,0.62072254,0.00000000,0.00000000,0.00000000,0.00000000,0.00000000,65,10000
143,4892655,0.06678964,0.84092703,0.00000000,0.00000000,0.00000000,0.00000000,0.00000000,66,10000
144,4902654,0.07323844,0.64463772,0.00000000,0.00000000,0.00000000,0.00000000,0.00000000,65,10000
145,4912654,0.07885094,0.78022295,0.00000000,0.00000000,0.00000000,0.00000000,0.00000000,65,10000
146,4922654,0.08322461,0.69481408,0.00000000,0.00000000,0.00000000,0.00000000,0.00000000,65,10000
147,4932654,0.08681814,0.76231407,0.00000000,0.00000000,0.00000000,0.00000000,0.00000000,65,10000
148,4942654,0.08922115,0.66158068,0.00000000,0.00000000,0.00000000,0.00000000,0.00000000,65,10000
149,4952654,0.09065390,0.66417213,0.00000000,0.00000000,0.00000000,0.00000000,0.00000000,65,10000
150,4962654,0.09131898,0.66673261,0.00000000,0.00000000,0.00000000,0.00000000,0.00000000,65,10000
151,4972658,0.09085260,0.55240639,0.00000000,0.00000000,0.00000000,0.00000000,0.00000000,65,10000
152,4982656,0.08954519,0.54940763,0.00000000,0.00000000,0.00000000,0.00000000,0.00000000,66,10000
153,4992654,0.08737526,0.48812882,0.00000000,0.00000000,0.00000000,0.00000000,0.00000000,65,10000
154,5002655,0.08437573,0.43026280,0.00000000,0.00000000,0.00000000,0.00000000,0.00000000,66,10000
155,5012657,0.08007950,0.25999246,0.00000000,0.00000000,0.00000000,0.00000000,0.00000000,65,10000
156,5022655,0.05926155,-3.11293617,0.00000000,0.00000000,0.00000000,0.00000000,0.00000000,65,10000
157,5032654,0.04064987,-0.16211439,0.00000000,0.00000000,0.00000000,0.00000000,0.00000000,65,10000
158,5042655,0.02158348,-0.77241493,0.00000000,0.00000000,0.00000000,0.00000000,0.00000000,66,10000
159,5052655,0.00433647,-0.46696370,0.00000000,0.00000000,0.00000000,0.00000000,0.00000000,66,10000
160,5062655,-0.01068178,-0.42406648,0.00000000,0.00000000,0.00000000,0.00000000,0.00000000,66,10000
161,5072655,-0.02438512,-0.62385136,0.00000000,0.00000000,0.00000000,0.00000000,0.00000000,66,10000
162,5082656,-0.03602701,-0.50580650,0.00000000,0.00000000,0.00000000,0.00000000,0.00000000,67,10000
163,5092656,-0.04698518,-0.78625086,0.00000000,0.00000000,0.00000000,0.00000000,0.00000000,67,10000
164,5102655,-0.05587389,-0.54244866,0.00000000,0.00000000,0.00000000,0.00000000,0.00000000,66,10000
165,5112655,-0.06385716,-0.75388287,0.00000000,0.00000000,0.00000000,0.00000000,0.00000000,66,10000
166,5122655,-0.07025486,-0.62476057,0.00000000,0.00000000,0.00000000,0.00000000,0.00000000,66,10000
167,5132655,-0.07574617,-0.73760042,0.00000000,0.00000000,0.00000000,0.00000000,0.00000000,66,10000
168,5142655,-0.07985769,-0.63219510,0.00000000,0.00000000,0.00000000,0.00000000,0.00000000,66,10000
169,5152656,-0.08272972,-0.62155229,0.00000000,0.00000000,0.00000000,0.00000000,0.00000000,67,10000
170,5162658,-0.08473771,-0.65854156,0.00000000,0.00000000,0.00000000,0.00000000,0.00000000,66,10000
171,5172655,-0.08531573,-0.50671455,0.00000000,0.00000000,0.00000000,0.00000000,0.00000000,66,10000
172,5182659,-0.08493554,-0.53512559,0.00000000,0.00000000,0.00000000,0.00000000,0.00000000,66,10000
173,5192659,-0.08327660,-0.41096436,0.00000000,0.00000000,0.00000000,0.00000000,0.00000000,67,10000
174,5202655,-0.08044340,-0.35013968,0.00000000,0.00000000,0.00000000,0.00000000,0.00000000,66,10000
175,5212655,-0.06339254,2.53600124,0.00000000,0.00000000,0.00000000,0.00000000,0.00000000,66,10000
176,5222656,-0.04320658,1.06960542,0.00000000,0.00000000,0.00000000,0.00000000,0.00000000,66,10000
177,5232655,-0.02553541,0.19828614,0.00000000,0.00000000,0.00000000,0.00000000,0.00000000,66,10000
178,5242655,-0.00872181,0.56536461,0.00000000,0.00000000,0.00000000,0.00000000,0.00000000,66,10000
179,5252653,0.00552679,0.29167559,0.00000000,0.00000000,0.00000000,0.00000000,0.00000000,64,10000
180,5262654,0.01795953,0.43175694,0.00000000,0.00000000,0.00000000,0.00000000,0.00000000,65,10000
181,5272653,0.02999177,0.73983122,0.00000000,0.00000000,0.00000000,0.00000000,0.00000000,64,10000
182,5282655,0.04008832,0.48828148,0.00000000,0.00000000,0.00000000,0.00000000,0.00000000,66,10000
183,5292654,0.04925045,0.68213869,0.00000000,0.00000000,0.00000000,0.00000000,0.00000000,65,10000
184,5302654,0.05666857,0.53350091,0.00000000,0.00000000,0.00000000,0.00000000,0.00000000,65,10000
185,5312654,0.06337783,0.72261615,0.00000000,0.00000000,0.00000000,0.00000000,0.00000000,65,10000
186,5322654,0.06872017,0.59836295,0.00000000,0.00000000,0.00000000,0.00000000,0.00000000,65,10000
187,5332654,0.07296221,0.62579773,0.00000000,0.00000000,0.00000000,0.00000000,0.00000000,65,10000
188,5342654,0.07630674,0.64466027,0.00000000,0.00000000,0.00000000,0.00000000,0.00000000,65,10000
189,5352654,0.07849344,0.56773904,0.00000000,0.00000000,0.00000000,0.00000000,0.00000000,65,10000
190,5362654,0.07971820,0.56504272,0.00000000,0.00000000,0.00000000,0.00000000,0.00000000,65,10000
191,5372656,0.07964988,0.45181398,0.00000000,0.00000000,0.00000000,0.00000000,0.00000000,65,10000
192,5382656,0.07884956,0.50139769,0.00000000,0.00000000,0.00000000,0.00000000,0.00000000,65,10000
193,5392654,0.07683993,0.35239056,0.00000000,0.00000000,0.00000000,0.00000000,0.00000000,65,10000
194,5402655,0.07385743,0.32077983,0.00000000,0.00000000,0.00000000,0.00000000,0.00000000,66,10000
195,5412658,0.05632069,-2.67111899,0.00000000,0.00000000,0.00000000,0.00000000,0.00000000,66,10000
196,5422655,0.03878079,-0.48268682,0.00000000,0.00000000,0.00000000,0.00000000,0.00000000,65,10000
197,5432656,0.02017531,-0.86019073,0.00000000,0.00000000,0.00000000,0.00000000,0.00000000,65,10000
198,5442655,0.00423209,-0.27259075,0.00000000,0.00000000,0.00000000,0.00000000,0.00000000,66,10000
199,5452655,-0.00985036,-0.43320581,0.00000000,0.00000000,0.00000000,0.00000000,0.00000000,66,10000
200,5462655,-0.02275933,-0.59631029,0.00000000,0.00000000,0.00000000,0.00000000,0.00000000,66,10000
201,5472655,-0.03347884,-0.42159771,0.00000000,0.00000000,0.00000000,0.00000000,0.00000000,66,10000
202,5482656,-0.04368262,-0.75099508,0.00000000,0.00000000,0.00000000,0.00000000,0.00000000,67,10000
203,5492656,-0.05159927,-0.42723614,0.00000000,0.00000000,0.00000000,0.00000000,0.00000000,67,10000
204,5502655,-0.05876214,-0.69809922,0.00000000,0.00000000,0.00000000,0.00000000,0.00000000,66,10000
205,5512655,-0.06425636,-0.51994388,0.00000000,0.00000000,0.00000000,0.00000000,0.00000000,66,10000
206,5522656,-0.06890001,-0.65062297,0.00000000,0.00000000,0.00000000,0.00000000,0.00000000,67,10000
207,5532655,-0.07205700,-0.50626956,0.00000000,0.00000000,0.00000000,0.00000000,0.00000000,66,10000
208,5542655,-0.07397835,-0.50567705,0.00000000,0.00000000,0.00000000,0.00000000,0.00000000,66,10000
209,5552656,-0.07483998,-0.49213307,0.00000000,0.00000000,0.00000000,0.00000000,0.00000000,67,10000
210,5562656,-0.07433197,-0.37512862,0.00000000,0.00000000,0.00000000,0.00000000,0.00000000,67,10000
211,5572656,-0.07195301,-0.18893386,0.00000000,0.00000000,0.00000000,0.00000000,0.00000000,67,10000
212,5582655,-0.05452505,2.76006010,0.00000000,0.00000000,0.00000000,0.00000000,0.00000000,66,10000
213,5592655,-0.03672282,0.57120014,0.00000000,0.00000000,0.00000000,0.00000000,0.00000000,66,10000
214,5602655,-0.02008068,0.41390124,0.00000000,0.00000000,0.00000000,0.00000000,0.00000000,66,10000
215,5612655,-0.00461326,0.48634993,0.00000000,0.00000000,0.00000000,0.00000000,0.00000000,66,10000
216,5622654,0.00906936,0.42009318,0.00000000,0.00000000,0.00000000,0.00000000,0.00000000,65,10000
217,5632654,0.02023415,0.27960542,0.00000000,0.00000000,0.00000000,0.00000000,0.00000000,65,10000
218,5642654,0.03126049,0.74618295,0.00000000,0.00000000,0.00000000,0.00000000,0.00000000,65,10000
219,5652655,0.04019722,0.41103345,0.00000000,0.00000000,0.00000000,0.00000000,0.00000000,66,10000
220,5662660,0.04827074,0.63529253,0.00000000,0.00000000,0.00000000,0.00000000,0.00000000,65,10000
221,5672655,0.05453928,0.45305969,0.00000000,0.00000000,0.00000000,0.00000000,0.00000000,65,10000
222,5682654,0.06018284,0.66042491,0.00000000,0.00000000,0.00000000,0.00000000,0.00000000,65,10000
223,5692654,0.06446440,0.51489626,0.00000000,0.00000000,0.00000000,0.00000000,0.00000000,65,10000
224,5702660,0.06768610,0.54142597,0.00000000,0.00000000,0.00000000,0.00000000,0.00000000,65,10000
225,5712657,0.07002027,0.54746502,0.00000000,0.00000000,0.00000000,0.00000000,0.00000000,65,10000
226,5722654,0.07101047,0.42061417,0.00000000,0.00000000,0.00000000,0.00000000,0.00000000,65,10000
227,5732654,0.07118442,0.46910793,0.00000000,0.00000000,0.00000000,0.00000000,0.00000000,65,10000
228,5742655,0.06981020,0.26898568,0.00000000,0.00000000,0.00000000,0.00000000,0.00000000,66,10000
229,5752655,0.06595157,-0.02732981,0.00000000,0.00000000,0.00000000,0.00000000,0.00000000,66,10000
230,5762655,0.04548728,-3.22425016,0.00000000,0.00000000,0.00000000,0.00000000,0.00000000,66,10000
231,5772655,0.02794841,-0.10301455,0.00000000,0.00000000,0.00000000,0.00000000,0.00000000,66,10000
232,5782654,0.01279007,-0.21144088,0.00000000,0.00000000,0.00000000,0.00000000,0.00000000,65,10000
233,5792654,-0.00242087,-0.72989307,0.00000000,0.00000000,0.00000000,0.00000000,0.00000000,65,10000
234,5802655,-0.01471416,-0.22121822,0.00000000,0.00000000,0.00000000,0.00000000,0.00000000,66,10000
235,5812654,-0.02651013,-0.68478101,0.00000000,0.00000000,0.00000000,0.00000000,0.00000000,65,10000
236,5822656,-0.03582918,-0.33039170,0.00000000,0.00000000,0.00000000,0.00000000,0.00000000,67,10000
237,5832655,-0.04447891,-0.66148592,0.00000000,0.00000000,0.00000000,0.00000000,0.00000000,66,10000
238,5842656,-0.05127460,-0.44231309,0.00000000,0.00000000,0.00000000,0.00000000,0.00000000,67,10000
239,5852655,-0.05687770,-0.54017862,0.00000000,0.00000000,0.00000000,0.00000000,0.00000000,66,10000
240,5862656,-0.06132129,-0.52882553,0.00000000,0.00000000,0.00000000,0.00000000,0.00000000,67,10000
241,5872662,-0.06419792,-0.41525649,0.00000000,0.00000000,0.00000000,0.00000000,0.00000000,66,10000
242,5882656,-0.06628569,-0.52101345,0.00000000,0.00000000,0.00000000,0.00000000,0.00000000,66,10000
243,5892655,-0.06672567,-0.31096745,0.00000000,0.00000000,0.00000000,0.00000000,0.00000000,66,10000
244,5902656,-0.06393436,0.11453628,0.00000000,0.00000000,0.00000000,0.00000000,0.00000000,67,10000
245,5912659,-0.04612406,2.84233976,0.00000000,0.00000000,0.00000000,0.00000000,0.00000000,66,10000
246,5922655,-0.02996455,0.22729063,0.00000000,0.00000000,0.00000000,0.00000000,0.00000000,65,10000
247,5932659,-0.01459832,0.45993935,0.00000000,0.00000000,0.00000000,0.00000000,0.00000000,65,10000
248,5942655,-0.00111892,0.30963349,0.00000000,0.00000000,0.00000000,0.00000000,0.00000000,66,10000
249,5952653,0.01208457,0.66496692,0.00000000,0.00000000,0.00000000,0.00000000,0.00000000,64,10000
250,5962654,0.02234438,0.18685085,0.00000000,0.00000000,0.00000000,0.00000000,0.00000000,65,10000
251,5972654,0.03213484,0.64361714,0.00000000,0.00000000,0.00000000,0.00000000,0.00000000,65,10000
252,5982655,0.04027349,0.44510785,0.00000000,0.00000000,0.00000000,0.00000000,0.00000000,66,10000
253,5992654,0.04719664,0.51683170,0.00000000,0.00000000,0.00000000,0.00000000,0.00000000,65,10000
254,6002655,0.05286297,0.49928415,0.00000000,0.00000000,0.00000000,0.00000000,0.00000000,66,10000
255,6012654,0.05728012,0.47967699,0.00000000,0.00000000,0.00000000,0.00000000,0.00000000,65,10000
256,6022655,0.06091737,0.54914026,0.00000000,0.00000000,0.00000000,0.00000000,0.00000000,66,10000
257,6032655,0.06283058,0.33425900,0.00000000,0.00000000,0.00000000,0.00000000,0.00000000,66,10000
258,6042655,0.06420136,0.51017343,0.00000000,0.00000000,0.00000000,0.00000000,0.00000000,66,10000
259,6052655,0.06383236,0.23486004,0.00000000,0.00000000,0.00000000,0.00000000,0.00000000,66,10000
260,6062655,0.06286108,0.38155869,0.00000000,0.00000000,0.00000000,0.00000000,0.00000000,66,10000
261,6072660,0.04337391,-3.50326787,0.00000000,0.00000000,0.00000000,0.00000000,0.00000000,66,10000
262,6082656,0.02548292,-0.35218128,0.00000000,0.00000000,0.00000000,0.00000000,0.00000000,66,10000
263,6092655,0.01203383,0.19156197,0.00000000,0.00000000,0.00000000,0.00000000,0.00000000,66,10000
264,6102654,-0.00257424,-0.88113571,0.00000000,0.00000000,0.00000000,0.00000000,0.00000000,65,10000
265,6112658,-0.01384513,-0.09941835,0.00000000,0.00000000,0.00000000,0.00000000,0.00000000,66,10000
266,6122655,-0.02516402,-0.73907347,0.00000000,0.00000000,0.00000000,0.00000000,0.00000000,65,10000
267,6132655,-0.03348411,-0.18115156,0.00000000,0.00000000,0.00000000,0.00000000,0.00000000,66,10000
268,6142656,-0.04138548,-0.64157642,0.00000000,0.00000000,0.00000000,0.00000000,0.00000000,67,10000
269,6152655,-0.04738757,-0.36614179,0.00000000,0.00000000,0.00000000,0.00000000,0.00000000,66,10000
270,6162655,-0.05247806,-0.52502926,0.00000000,0.00000000,0.00000000,0.00000000,0.00000000,66,10000
271,6172655,-0.05604670,-0.38657150,0.00000000,0.00000000,0.00000000,0.00000000,0.00000000,66,10000
272,6182656,-0.05835617,-0.38998269,0.00000000,0.00000000,0.00000000,0.00000000,0.00000000,67,10000
273,6192655,-0.05961558,-0.38550578,0.00000000,0.00000000,0.00000000,0.00000000,0.00000000,66,10000
274,6202655,-0.05310149,1.10383022,0.00000000,0.00000000,0.00000000,0.00000000,0.00000000,66,10000
275,6212655,-0.03418764,2.57166040,0.00000000,0.00000000,0.00000000,0.00000000,0.00000000,66,10000
276,6222655,-0.01985913,-0.24252802,0.00000000,0.00000000,0.00000000,0.00000000,0.00000000,66,10000
277,6232654,-0.00548662,0.62472868,0.00000000,0.00000000,0.00000000,0.00000000,0.00000000,65,10000
278,6242654,0.00603268,0.12374601,0.00000000,0.00000000,0.00000000,0.00000000,0.00000000,65,10000
279,6252654,0.01743473,0.65208978,0.00000000,0.00000000,0.00000000,0.00000000,0.00000000,65,10000
280,6262654,0.02731383,0.43815535,0.00000000,0.00000000,0.00000000,0.00000000,0.00000000,65,10000
281,6272657,0.03524565,0.34673270,0.00000000,0.00000000,0.00000000,0.00000000,0.00000000,65,10000
282,6282658,0.04237931,0.55342552,0.00000000,0.00000000,0.00000000,0.00000000,0.00000000,65,10000
283,6292654,0.04787840,0.38954578,0.00000000,0.00000000,0.00000000,0.00000000,0.00000000,65,10000
284,6302654,0.05257323,0.52472081,0.00000000,0.00000000,0.00000000,0.00000000,0.00000000,65,10000
285,6312656,0.05547419,0.30745322,0.00000000,0.00000000,0.00000000,0.00000000,0.00000000,65,10000
286,6322655,0.05776255,0.48771921,0.00000000,0.00000000,0.00000000,0.00000000,0.00000000,65,10000
287,6332658,0.05841286,0.25310085,0.00000000,0.00000000,0.00000000,0.00000000,0.00000000,65,10000
288,6342655,0.05734551,0.15259950,0.00000000,0.00000000,0.00000000,0.00000000,0.00000000,66,10000
289,6352655,0.03952241,-3.17637613,0.00000000,0.00000000,0.00000000,0.00000000,0.00000000,66,10000
290,6362655,0.02433435,-0.07121937,0.00000000,0.00000000,0.00000000,0.00000000,0.00000000,66,10000
291,6372655,0.00981309,-0.48128376,0.00000000,0.00000000,0.00000000,0.00000000,0.00000000,66,10000
292,6382655,-0.00392787,-0.54084490,0.00000000,0.00000000,0.00000000,0.00000000,0.00000000,66,10000
293,6392655,-0.01498080,-0.20328099,0.00000000,0.00000000,0.00000000,0.00000000,0.00000000,66,10000
294,6402655,-0.02545449,-0.60191356,0.00000000,0.00000000,0.00000000,0.00000000,0.00000000,66,10000
295,6412656,-0.03338901,-0.23637735,0.00000000,0.00000000,0.00000000,0.00000000,0.00000000,67,10000
296,6422656,-0.04089151,-0.61685444,0.00000000,0.00000000,0.00000000,0.00000000,0.00000000,67,10000
297,6432655,-0.04626754,-0.29160242,0.00000000,0.00000000,0.00000000,0.00000000,0.00000000,66,10000
298,6442656,-0.05075571,-0.48682832,0.00000000,0.00000000,0.00000000,0.00000000,0.00000000,67,10000
299,6452655,-0.05370358,-0.33553883,0.00000000,0.00000000,0.00000000,0.00000000,0.00000000,66,10000
300,6462658,-0.05511513,-0.27729419,0.00000000,0.00000000,0.00000000,0.00000000,0.00000000,66,10000
301,6472656,-0.04592556,1.73955384,0.00000000,0.00000000,0.00000000,0.00000000,0.00000000,67,10000
302,6482661,-0.02925617,1.72040670,0.00000000,0.00000000,0.00000000,0.00000000,0.00000000,65,10000
303,6492658,-0.01488149,0.16912257,0.00000000,0.00000000,0.00000000,0.00000000,0.00000000,67,10000
304,6502654,-0.00157207,0.43001949,0.00000000,0.00000000,0.00000000,0.00000000,0.00000000,65,10000
305,6512654,0.00939651,0.20867849,0.00000000,0.00000000,0.00000000,0.00000000,0.00000000,65,10000
306,6522660,0.01917243,0.41921590,0.00000000,0.00000000,0.00000000,0.00000000,0.00000000,65,10000
307,6532655,0.02840772,0.57521174,0.00000000,0.00000000,0.00000000,0.00000000,0.00000000,66,10000
308,6542655,0.03546827,0.27176262,0.00000000,0.00000000,0.00000000,0.00000000,0.00000000,66,10000
309,6552654,0.04183964,0.53133681,0.00000000,0.00000000,0.00000000,0.00000000,0.00000000,65,10000
310,6562654,0.04648052,0.32300043,0.00000000,0.00000000,0.00000000,0.00000000,0.00000000,65,10000
311,6572655,0.05035991,0.47563764,0.00000000,0.00000000,0.00000000,0.00000000,0.00000000,66,10000
312,6582655,0.05254927,0.26698908,0.00000000,0.00000000,0.00000000,0.00000000,0.00000000,66,10000
313,6592655,0.05353859,0.29864501,0.00000000,0.00000000,0.00000000,0.00000000,0.00000000,66,10000
314,6602655,0.04537150,-1.46570663,0.00000000,0.00000000,0.00000000,0.00000000,0.00000000,66,10000
315,6612655,0.03009685,-1.58989153,0.00000000,0.00000000,0.00000000,0.00000000,0.00000000,66,10000
316,6622655,0.01350296,-0.86182951,0.00000000,0.00000000,0.00000000,0.00000000,0.00000000,66,10000
317,6632655,0.00113162,0.11620457,0.00000000,0.00000000,0.00000000,0.00000000,0.00000000,66,10000
318,6642654,-0.01094622,-0.60140925,0.00000000,0.00000000,0.00000000,0.00000000,0.00000000,65,10000
319,6652655,-0.02058301,-0.22403706,0.00000000,0.00000000,0.00000000,0.00000000,0.00000000,66,10000
320,6662655,-0.02946914,-0.53461290,0.00000000,0.00000000,0.00000000,0.00000000,0.00000000,66,10000
321,6672661,-0.03642600,-0.31431952,0.00000000,0.00000000,0.00000000,0.00000000,0.00000000,67,10000
322,6682656,-0.04198578,-0.38170061,0.00000000,0.00000000,0.00000000,0.00000000,0.00000000,66,10000
323,6692655,-0.04645772,-0.41815002,0.00000000,0.00000000,0.00000000,0.00000000,0.00000000,66,10000
324,6702655,-0.04920279,-0.25895926,0.00000000,0.00000000,0.00000000,0.00000000,0.00000000,66,10000
325,6712659,-0.04721556,0.45684742,0.00000000,0.00000000,0.00000000,0.00000000,0.00000000,66,10000
326,6722655,-0.03158641,2.64169049,0.00000000,0.00000000,0.00000000,0.00000000,0.00000000,65,10000
327,6732657,-0.01862990,0.01056797,0.00000000,0.00000000,0.00000000,0.00000000,0.00000000,66,10000
328,6742655,-0.00574504,0.53504431,0.00000000,0.00000000,0.00000000,0.00000000,0.00000000,66,10000
329,6752654,0.00487123,0.16617381,0.00000000,0.00000000,0.00000000,0.00000000,0.00000000,65,10000
330,6762654,0.01573025,0.67042935,0.00000000,0.00000000,0.00000000,0.00000000,0.00000000,65,10000
331,6772654,0.02387264,0.13824923,0.00000000,0.00000000,0.00000000,0.00000000,0.00000000,65,10000
332,6782655,0.03123112,0.47361762,0.00000000,0.00000000,0.00000000,0.00000000,0.00000000,66,10000
333,6792655,0.03735194,0.39429446,0.00000000,0.00000000,0.00000000,0.00000000,0.00000000,66,10000
334,6802654,0.04201631,0.33102168,0.00000000,0.00000000,0.00000000,0.00000000,0.00000000,65,10000
335,6812654,0.04565242,0.38251037,0.00000000,0.00000000,0.00000000,0.00000000,0.00000000,65,10000
336,6822655,0.04742729,0.17797298,0.00000000,0.00000000,0.00000000,0.00000000,0.00000000,66,10000
337,6832655,0.04394761,-0.63638895,0.00000000,0.00000000,0.00000000,0.00000000,0.00000000,66,10000
338,6842655,0.02835519,-2.42175758,0.00000000,0.00000000,0.00000000,0.00000000,0.00000000,66,10000
339,6852655,0.01318003,-0.51973643,0.00000000,0.00000000,0.00000000,0.00000000,0.00000000,66,10000
340,6862655,0.00143153,0.01946422,0.00000000,0.00000000,0.00000000,0.00000000,0.00000000,66,10000
341,6872655,-0.01048208,-0.66325239,0.00000000,0.00000000,0.00000000,0.00000000,0.00000000,66,10000
342,6882658,-0.01960643,-0.13642304,0.00000000,0.00000000,0.00000000,0.00000000,0.00000000,66,10000
343,6892657,-0.02834865,-0.57779175,0.00000000,0.00000000,0.00000000,0.00000000,0.00000000,66,10000
344,6902656,-0.03465110,-0.18755353,0.00000000,0.00000000,0.00000000,0.00000000,0.00000000,67,10000
345,6912656,-0.04010995,-0.45025224,0.00000000,0.00000000,0.00000000,0.00000000,0.00000000,67,10000
346,6922662,-0.04401861,-0.29773006,0.00000000,0.00000000,0.00000000,0.00000000,0.00000000,66,10000
347,6932656,-0.04265596,0.55235182,0.00000000,0.00000000,0.00000000,0.00000000,0.00000000,67,10000
348,6942655,-0.02850110,2.46315624,0.00000000,0.00000000,0.00000000,0.00000000,0.00000000,66,10000
349,6952656,-0.01659285,0.04766162,0.00000000,0.00000000,0.00000000,0.00000000,0.00000000,67,10000
350,6962654,-0.00416853,0.62097016,0.00000000,0.00000000,0.00000000,0.00000000,0.00000000,65,10000
351,6972654,0.00625493,0.21152980,0.00000000,0.00000000,0.00000000,0.00000000,0.00000000,65,10000
352,6982654,0.01665506,0.61428503,0.00000000,0.00000000,0.00000000,0.00000000,0.00000000,65,10000
353,6992654,0.02418567,0.08823649,0.00000000,0.00000000,0.00000000,0.00000000,0.00000000,65,10000
354,7002655,0.03129742,0.52132009,0.00000000,0.00000000,0.00000000,0.00000000,0.00000000,66,10000
355,7012654,0.03676863,0.29489270,0.00000000,0.00000000,0.00000000,0.00000000,0.00000000,65,10000
356,7022654,0.04076335,0.28664947,0.00000000,0.00000000,0.00000000,0.00000000,0.00000000,65,10000
357,7032654,0.04365443,0.31951465,0.00000000,0.00000000,0.00000000,0.00000000,0.00000000,65,10000
358,7042655,0.03989101,-0.90761660,0.00000000,0.00000000,0.00000000,0.00000000,0.00000000,66,10000
359,7052655,0.02565420,-2.11879100,0.00000000,0.00000000,0.00000000,0.00000000,0.00000000,66,10000
360,7062655,0.01114054,-0.61780686,0.00000000,0.00000000,0.00000000,0.00000000,0.00000000,66,10000
361,7072658,0.00006068,0.04019191,0.00000000,0.00000000,0.00000000,0.00000000,0.00000000,65,10000
362,7082659,-0.01115714,-0.63246017,0.00000000,0.00000000,0.00000000,0.00000000,0.00000000,65,10000
363,7092655,-0.01977056,-0.14386687,0.00000000,0.00000000,0.00000000,0.00000000,0.00000000,66,10000
364,7102655,-0.02780616,-0.50933678,0.00000000,0.00000000,0.00000000,0.00000000,0.00000000,66,10000
365,7112660,-0.03356616,-0.17989518,0.00000000,0.00000000,0.00000000,0.00000000,0.00000000,66,10000
366,7122656,-0.03825771,-0.36345298,0.00000000,0.00000000,0.00000000,0.00000000,0.00000000,66,10000
367,7132656,-0.03778891,0.53396077,0.00000000,0.00000000,0.00000000,0.00000000,0.00000000,66,10000
368,7142655,-0.02453994,2.45243984,0.00000000,0.00000000,0.00000000,0.00000000,0.00000000,66,10000
369,7152655,-0.01299391,0.14797196,0.00000000,0.00000000,0.00000000,0.00000000,0.00000000,66,10000
370,7162654,-0.00106401,0.60267757,0.00000000,0.00000000,0.00000000,0.00000000,0.00000000,65,10000
371,7172654,0.00843133,0.11741572,0.00000000,0.00000000,0.00000000,0.00000000,0.00000000,65,10000
372,7182654,0.01783141,0.56657157,0.00000000,0.00000000,0.00000000,0.00000000,0.00000000,65,10000
373,7192654,0.02485518,0.14947958,0.00000000,0.00000000,0.00000000,0.00000000,0.00000000,65,10000
374,7202655,0.03119833,0.44303164,0.00000000,0.00000000,0.00000000,0.00000000,0.00000000,66,10000
375,7212654,0.03604116,0.28242391,0.00000000,0.00000000,0.00000000,0.00000000,0.00000000,65,10000
376,7222654,0.03921483,0.20505944,0.00000000,0.00000000,0.00000000,0.00000000,0.00000000,65,10000
377,7232655,0.03650989,-0.76251726,0.00000000,0.00000000,0.00000000,0.00000000,0.00000000,66,10000
378,7242655,0.02278266,-2.20729889,0.00000000,0.00000000,0.00000000,0.00000000,0.00000000,66,10000
379,7252655,0.00895091,-0.57684634,0.00000000,0.00000000,0.00000000,0.00000000,0.00000000,66,10000
380,7262654,-0.00141251,0.06644662,0.00000000,0.00000000,0.00000000,0.00000000,0.00000000,65,10000
381,7272655,-0.01207226,-0.63973333,0.00000000,0.00000000,0.00000000,0.00000000,0.00000000,66,10000
382,7282655,-0.02015696,-0.12737988,0.00000000,0.00000000,0.00000000,0.00000000,0.00000000,66,10000
383,7292656,-0.02764162,-0.47902404,0.00000000,0.00000000,0.00000000,0.00000000,0.00000000,67,10000
384,7302656,-0.03292187,-0.16384857,0.00000000,0.00000000,0.00000000,0.00000000,0.00000000,67,10000
385,7312655,-0.03330226,0.49011273,0.00000000,0.00000000,0.00000000,0.00000000,0.00000000,66,10000
386,7322655,-0.02272955,2.05157237,0.00000000,0.00000000,0.00000000,0.00000000,0.00000000,66,10000
387,7332655,-0.01142745,0.53984234,0.00000000,0.00000000,0.00000000,0.00000000,0.00000000,66,10000
388,7342655,-0.00002083,0.54188565,0.00000000,0.00000000,0.00000000,0.00000000,0.00000000,66,10000
389,7352653,0.00947061,0.20914034,0.00000000,0.00000000,0.00000000,0.00000000,0.00000000,64,10000
390,7362654,0.01836948,0.46816015,0.00000000,0.00000000,0.00000000,0.00000000,0.00000000,65,10000
391,7372659,0.02446368,0.03490568,0.00000000,0.00000000,0.00000000,0.00000000,0.00000000,65,10000
392,7382656,0.03035677,0.49222332,0.00000000,0.00000000,0.00000000,0.00000000,0.00000000,66,10000
393,7392654,0.03443726,0.18383342,0.00000000,0.00000000,0.00000000,0.00000000,0.00000000,65,10000
394,7402655,0.03206416,-0.87624097,0.00000000,0.00000000,0.00000000,0.00000000,0.00000000,66,10000
395,7412655,0.02020241,-1.89698140,0.00000000,0.00000000,0.00000000,0.00000000,0.00000000,65,10000
396,7422655,0.00708303,-0.74464752,0.00000000,0.00000000,0.00000000,0.00000000,0.00000000,66,10000
397,7432654,-0.00298343,0.00081581,0.00000000,0.00000000,0.00000000,0.00000000,0.00000000,65,10000
398,7442655,-0.01292562,-0.54628764,0.00000000,0.00000000,0.00000000,0.00000000,0.00000000,66,10000
399,7452655,-0.02054029,-0.14866851,0.00000000,0.00000000,0.00000000,0.00000000,0.00000000,66,10000
400,7462656,-0.02749858,-0.44449869,0.00000000,0.00000000,0.00000000,0.00000000,0.00000000,67,10000
401,7472655,-0.03045717,0.25116451,0.00000000,0.00000000,0.00000000,0.00000000,0.00000000,66,10000
402,7482656,-0.02555922,1.27080922,0.00000000,0.00000000,0.00000000,0.00000000,0.00000000,67,10000
403,7492655,-0.01331043,1.62927659,0.00000000,0.00000000,0.00000000,0.00000000,0.00000000,66,10000
404,7502654,-0.00235037,0.27712260,0.00000000,0.00000000,0.00000000,0.00000000,0.00000000,65,10000
405,7512653,0.00715724,0.26513391,0.00000000,0.00000000,0.00000000,0.00000000,0.00000000,64,10000
406,7522654,0.01568597,0.36681077,0.00000000,0.00000000,0.00000000,0.00000000,0.00000000,65,10000
407,7532654,0.02178053,0.07207189,0.00000000,0.00000000,0.00000000,0.00000000,0.00000000,65,10000
408,7542655,0.02768177,0.47152674,0.00000000,0.00000000,0.00000000,0.00000000,0.00000000,66,10000
409,7552655,0.03097795,-0.00799155,0.00000000,0.00000000,0.00000000,0.00000000,0.00000000,66,10000
410,7562655,0.02097843,-2.41554947,0.00000000,0.00000000,0.00000000,0.00000000,0.00000000,66,10000
411,7572660,0.01047129,-0.47505840,0.00000000,0.00000000,0.00000000,0.00000000,0.00000000,66,10000
412,7582655,-0.00166052,-0.83283397,0.00000000,0.00000000,0.00000000,0.00000000,0.00000000,64,10000
413,7592655,-0.01134497,-0.14797949,0.00000000,0.00000000,0.00000000,0.00000000,0.00000000,66,10000
414,7602655,-0.01925545,-0.24087058,0.00000000,0.00000000,0.00000000,0.00000000,0.00000000,66,10000
415,7612658,-0.02582401,-0.30267384,0.00000000,0.00000000,0.00000000,0.00000000,0.00000000,66,10000
416,7622656,-0.02698502,0.58818359,0.00000000,0.00000000,0.00000000,0.00000000,0.00000000,66,10000
417,7632656,-0.02045569,1.36140109,0.00000000,0.00000000,0.00000000,0.00000000,0.00000000,66,10000
418,7642655,-0.00957670,1.11647514,0.00000000,0.00000000,0.00000000,0.00000000,0.00000000,66,10000
419,7652654,0.00089372,0.42326318,0.00000000,0.00000000,0.00000000,0.00000000,0.00000000,65,10000
420,7662654,0.00901380,0.07258558,0.00000000,0.00000000,0.00000000,0.00000000,0.00000000,65,10000
421,7672653,0.01674982,0.43463799,0.00000000,0.00000000,0.00000000,0.00000000,0.00000000,64,10000
422,7682655,0.02229700,0.09030035,0.00000000,0.00000000,0.00000000,0.00000000,0.00000000,66,10000
423,7692655,0.02620540,0.13583896,0.00000000,0.00000000,0.00000000,0.00000000,0.00000000,66,10000
424,7702655,0.01779395,-2.21277062,0.00000000,0.00000000,0.00000000,0.00000000,0.00000000,66,10000
425,7712655,0.00726793,-0.76020623,0.00000000,0.00000000,0.00000000,0.00000000,0.00000000,66,10000
426,7722654,-0.00421438,-0.71666420,0.00000000,0.00000000,0.00000000,0.00000000,0.00000000,65,10000
427,7732655,-0.01309079,-0.10003244,0.00000000,0.00000000,0.00000000,0.00000000,0.00000000,66,10000
428,7742655,-0.02066821,-0.31339333,0.00000000,0.00000000,0.00000000,0.00000000,0.00000000,66,10000
429,7752656,-0.02498711,0.11506136,0.00000000,0.00000000,0.00000000,0.00000000,0.00000000,67,10000
430,7762658,-0.02255965,1.00426527,0.00000000,0.00000000,0.00000000,0.00000000,0.00000000,66,10000
431,7772655,-0.01079984,1.94530352,0.00000000,0.00000000,0.00000000,0.00000000,0.00000000,66,10000
432,7782659,-0.00137683,0.04602031,0.00000000,0.00000000,0.00000000,0.00000000,0.00000000,65,10000
433,7792655,0.00760265,0.40638455,0.00000000,0.00000000,0.00000000,0.00000000,0.00000000,64,10000
434,7802654,0.01478980,0.16700002,0.00000000,0.00000000,0.00000000,0.00000000,0.00000000,65,10000
435,7812655,0.02022702,0.13868998,0.00000000,0.00000000,0.00000000,0.00000000,0.00000000,66,10000
436,7822661,0.02122135,-0.48912590,0.00000000,0.00000000,0.00000000,0.00000000,0.00000000,66,10000
437,7832655,0.01347955,-1.64299474,0.00000000,0.00000000,0.00000000,0.00000000,0.00000000,66,10000
438,7842654,0.00280231,-0.93666681,0.00000000,0.00000000,0.00000000,0.00000000,0.00000000,65,10000
439,7852655,-0.00662563,-0.28853943,0.00000000,0.00000000,0.00000000,0.00000000,0.00000000,66,10000
440,7862655,-0.01511408,-0.36646306,0.00000000,0.00000000,0.00000000,0.00000000,0.00000000,66,10000
441,7872655,-0.01985432,0.21683582,0.00000000,0.00000000,0.00000000,0.00000000,0.00000000,66,10000
442,7882655,-0.01944243,0.68180661,0.00000000,0.00000000,0.00000000,0.00000000,0.00000000,66,10000
443,7892655,-0.00966206,1.86975399,0.00000000,0.00000000,0.00000000,0.00000000,0.00000000,66,10000
444,7902654,-0.00089129,0.23260083,0.00000000,0.00000000,0.00000000,0.00000000,0.00000000,65,10000
445,7912653,0.00816140,0.53028147,0.00000000,0.00000000,0.00000000,0.00000000,0.00000000,64,10000
446,7922654,0.01492443,0.06873112,0.00000000,0.00000000,0.00000000,0.00000000,0.00000000,65,10000
447,7932654,0.02060495,0.26007772,0.00000000,0.00000000,0.00000000,0.00000000,0.00000000,65,10000
448,7942655,0.01539252,-1.85690783,0.00000000,0.00000000,0.00000000,0.00000000,0.00000000,66,10000
449,7952655,0.00806112,-0.60750291,0.00000000,0.00000000,0.00000000,0.00000000,0.00000000,66,10000
450,7962654,-0.00224986,-0.97048916,0.00000000,0.00000000,0.00000000,0.00000000,0.00000000,65,10000
451,7972660,-0.01057267,-0.15205547,0.00000000,0.00000000,0.00000000,0.00000000,0.00000000,66,10000
452,7982655,-0.01636912,0.00114657,0.00000000,0.00000000,0.00000000,0.00000000,0.00000000,66,10000
453,7992655,-0.01755714,0.53697640,0.00000000,0.00000000,0.00000000,0.00000000,0.00000000,66,10000
454,8002655,-0.01192256,1.25228337,0.00000000,0.00000000,0.00000000,0.00000000,0.00000000,66,10000
455,8012661,-0.00224081,1.07403490,0.00000000,0.00000000,0.00000000,0.00000000,0.00000000,66,10000
456,8022653,0.00644979,0.29418788,0.00000000,0.00000000,0.00000000,0.00000000,0.00000000,64,10000
457,8032655,0.01343972,0.16151315,0.00000000,0.00000000,0.00000000,0.00000000,0.00000000,65,10000
458,8042655,0.01613994,-0.42823492,0.00000000,0.00000000,0.00000000,0.00000000,0.00000000,66,10000
459,8052655,0.01088039,-1.42590724,0.00000000,0.00000000,0.00000000,0.00000000,0.00000000,66,10000
460,8062655,0.00292860,-0.77129522,0.00000000,0.00000000,0.00000000,0.00000000,0.00000000,66,10000
461,8072655,-0.00564661,-0.54117116,0.00000000,0.00000000,0.00000000,0.00000000,0.00000000,66,10000
462,8082655,-0.01221744,-0.08299739,0.00000000,0.00000000,0.00000000,0.00000000,0.00000000,66,10000
463,8092656,-0.01510030,0.33198990,0.00000000,0.00000000,0.00000000,0.00000000,0.00000000,67,10000
464,8102655,-0.01465623,0.43069962,0.00000000,0.00000000,0.00000000,0.00000000,0.00000000,66,10000
465,8112655,-0.00588349,1.68861442,0.00000000,0.00000000,0.00000000,0.00000000,0.00000000,66,10000
466,8122653,0.00212395,0.26188452,0.00000000,0.00000000,0.00000000,0.00000000,0.00000000,64,10000
467,8132654,0.00980724,0.38372170,0.00000000,0.00000000,0.00000000,0.00000000,0.00000000,65,10000
468,8142655,0.01409523,-0.22914440,0.00000000,0.00000000,0.00000000,0.00000000,0.00000000,66,10000
469,8152655,0.00949406,-1.55620085,0.00000000,0.00000000,0.00000000,0.00000000,0.00000000,66,10000
470,8162657,0.00368638,-0.42798422,0.00000000,0.00000000,0.00000000,0.00000000,0.00000000,66,10000
471,8172655,-0.00329391,-0.53649256,0.00000000,0.00000000,0.00000000,0.00000000,0.00000000,66,10000
472,8182661,-0.00951282,-0.24329003,0.00000000,0.00000000,0.00000000,0.00000000,0.00000000,66,10000
473,8192657,-0.01249272,0.27757793,0.00000000,0.00000000,0.00000000,0.00000000,0.00000000,66,10000
474,8202655,-0.01269775,0.32874613,0.00000000,0.00000000,0.00000000,0.00000000,0.00000000,66,10000
475,8212655,-0.00582912,1.40044076,0.00000000,0.00000000,0.00000000,0.00000000,0.00000000,66,10000
476,8222659,0.00199693,0.52874712,0.00000000,0.00000000,0.00000000,0.00000000,0.00000000,64,10000
477,8232654,0.00996511,0.47242475,0.00000000,0.00000000,0.00000000,0.00000000,0.00000000,64,10000
478,8242655,0.01121008,-0.92652348,0.00000000,0.00000000,0.00000000,0.00000000,0.00000000,66,10000
479,8252654,0.00695244,-1.01817384,0.00000000,0.00000000,0.00000000,0.00000000,0.00000000,65,10000
480,8262655,0.00182205,-0.35965181,0.00000000,0.00000000,0.00000000,0.00000000,0.00000000,66,10000
481,8272655,-0.00367605,-0.34252837,0.00000000,0.00000000,0.00000000,0.00000000,0.00000000,66,10000
482,8282655,-0.00838210,-0.15948524,0.00000000,0.00000000,0.00000000,0.00000000,0.00000000,66,10000
483,8292655,-0.01051821,0.22567273,0.00000000,0.00000000,0.00000000,0.00000000,0.00000000,66,10000
484,8302655,-0.01094261,0.16308125,0.00000000,0.00000000,0.00000000,0.00000000,0.00000000,66,10000
485,8312655,-0.00565159,1.11192405,0.00000000,0.00000000,0.00000000,0.00000000,0.00000000,66,10000
486,8322653,0.00233693,0.81813950,0.00000000,0.00000000,0.00000000,0.00000000,0.00000000,64,10000
487,8332654,0.00887478,0.14188627,0.00000000,0.00000000,0.00000000,0.00000000,0.00000000,65,10000
488,8342655,0.00780119,-1.20355946,0.00000000,0.00000000,0.00000000,0.00000000,0.00000000,66,10000
489,8352654,0.00404283,-0.56773163,0.00000000,0.00000000,0.00000000,0.00000000,0.00000000,65,10000
490,8362655,-0.00020418,-0.27496664,0.00000000,0.00000000,0.00000000,0.00000000,0.00000000,66,10000
491,8372656,-0.00427638,-0.19501376,0.00000000,0.00000000,0.00000000,0.00000000,0.00000000,65,10000
492,8382655,-0.00733407,-0.03933578,0.00000000,0.00000000,0.00000000,0.00000000,0.00000000,65,10000
493,8392655,-0.00896603,0.07844846,0.00000000,0.00000000,0.00000000,0.00000000,0.00000000,66,10000
494,8402655,-0.00827959,0.33385621,0.00000000,0.00000000,0.00000000,0.00000000,0.00000000,66,10000
495,8412659,-0.00179908,1.21118210,0.00000000,0.00000000,0.00000000,0.00000000,0.00000000,66,10000
496,8422653,0.00501508,0.40760852,0.00000000,0.00000000,0.00000000,0.00000000,0.00000000,64,10000
497,8432657,0.00734976,-0.54902655,0.00000000,0.00000000,0.00000000,0.00000000,0.00000000,65,10000
498,8442655,0.00476986,-0.86537431,0.00000000,0.00000000,0.00000000,0.00000000,0.00000000,66,10000
499,8452654,0.00103008,-0.34831275,0.00000000,0.00000000,0.00000000,0.00000000,0.00000000,65,10000
